frame,mean,variance
0,0.003516821017426769,0.0030038122248392616
1,0.003530884045491092,0.0029909940519466387
2,0.003661087352008857,0.0028317563130175307
3,0.003739729766214212,0.002632845921597428
4,0.0038242916928881514,0.0024663351158849666
5,0.0040417889474811146,0.0025409424785955907
6,0.00429161945954291,0.0027091010192424095
7,0.00449343135651986,0.0028508996354514944
8,0.004590258405874138,0.002896346286235442
9,0.00466038466363025,0.0029127310620693588
10,0.0047058750994906,0.002914740584492158
11,0.0047435155841145,0.002919004776111981
12,0.004802293450563124,0.002933628656119406
13,0.004858156398637144,0.002950266821299129
14,0.004896923915441793,0.002963108658305108
15,0.0049273553923245795,0.002975580356066011
16,0.004955388433782559,0.0029888437195769064
17,0.004979424314431089,0.0030001023686700864
18,0.004998822060276998,0.0030085808996471886
19,0.005014973022218505,0.003014907429632547
20,0.005032430226638275,0.003020883458751876
21,0.005054617725345144,0.003027359236624823
22,0.005081879055944515,0.003034873760195894
23,0.005112883640366062,0.0030434980240302747
24,0.0051440492871898036,0.003051942866129235
25,0.005174129109469487,0.0030601054963145503
26,0.0052022795963167275,0.003067201035929055
27,0.0052268516442690776,0.003072535689419055
28,0.0052483283452450106,0.003077161431835235
29,0.005266603870935718,0.0030803059698363954
30,0.005281964564074193,0.003082310639180677
31,0.00529340779372357,0.0030822983333341227
32,0.005302684965065714,0.0030814569844291135
33,0.005310091801069971,0.003079345007696126
34,0.005316406172201838,0.0030771362497249138
35,0.005320629676448844,0.003073958304587896
36,0.00532332099022832,0.0030706863729973916
37,0.005324045878894754,0.0030662875211198808
38,0.005323389201386882,0.0030615038183897402
39,0.005321406545691563,0.003055939248992915
40,0.0053194801935428715,0.003050644528271389
41,0.005316049476149057,0.0030439191331890505
42,0.005311237710036668,0.003037109442348783
43,0.005305331382865999,0.003029819771961067
44,0.005298895505861419,0.0030225252763898284
45,0.005291885353297029,0.0030149139505318496
46,0.005285403471852709,0.003007538109683971
47,0.005279497419554925,0.0030006031183790853
48,0.005273211257247087,0.002992893983922823
49,0.005267942607548403,0.0029861227408803396
50,0.005261762183127823,0.002978282516477723
51,0.005256189077922839,0.002971439924166454
52,0.005248875365370982,0.0029629436715720766
53,0.00524103001126584,0.002954291822515852
54,0.005233302136441664,0.0029460513555036776
55,0.005224310907460602,0.0029364764062887205
56,0.005216244873278136,0.0029281401454574877
57,0.005206959934144626,0.002918397531702287
58,0.005197801187485233,0.0029090283264495156
59,0.005188401064845184,0.0028998154418227633
60,0.005177860501081543,0.0028896078710066524
61,0.005167955375841056,0.0028803153310357193
62,0.005157420947255315,0.00287049855817552
63,0.005146904084256928,0.00286058691953946
64,0.005137244776743775,0.0028514333662342964
65,0.005126986757221286,0.0028414402406935955
66,0.005117170480861527,0.0028318491339336324
67,0.0051077276720626905,0.002822574128519144
68,0.005097251844180253,0.0028120211617232494
69,0.005087343832651229,0.0028021141377686555
70,0.005077677304833052,0.002792558705031947
71,0.005066774758734814,0.0027817043524122004
72,0.00505627941732417,0.002771635236891027
73,0.005045871824954814,0.002761810923788916
74,0.005034289930494378,0.0027507336236019084
75,0.0050237790757144294,0.002740783666306087
76,0.0050133403224583645,0.002730996147053181
77,0.005001674825551743,0.002719989882400426
78,0.004990677408418784,0.0027096763717645205
79,0.004979497446334333,0.0026993796090829937
80,0.004968027168935058,0.0026887349186967943
81,0.004956836515562775,0.002678171155472695
82,0.004945238465969424,0.0026673303481344313
83,0.004933257417011934,0.002656026663424355
84,0.004921471395138689,0.0026448524598268433
85,0.004909322832934868,0.002633438537356089
86,0.004897016546709294,0.0026216992216559734
87,0.004884938598234526,0.0026101732808731883
88,0.004872411921442065,0.0025984095302255534
89,0.004859746925037456,0.0025864329133620965
90,0.00484727111842848,0.002574747356911178
91,0.004834826275254359,0.0025632610476139196
92,0.00482249324720194,0.002551596101347085
93,0.004810079982790391,0.0025398097377851243
94,0.00479749189682458,0.002527984320246341
95,0.0047849081648676135,0.0025159932941275537
96,0.004772323149422124,0.0025041520387996193
97,0.004759609291863856,0.002492211816439049
98,0.004746856369407882,0.0024801301427703117
99,0.0047338928056652975,0.0024679720307062233
100,0.004720936937607983,0.002455868122518646
101,0.004708041015090135,0.0024436823887823726
102,0.004694877243109626,0.002431416925907963
103,0.004681619642612522,0.002419066114502343
104,0.004668340243649098,0.00240665411717591
105,0.004654754596602363,0.0023941005129678983
106,0.0046410908392070386,0.0023813863960195133
107,0.004627377538523554,0.0023685865903845054
108,0.004613456238857003,0.0023557817320674686
109,0.004599637139908402,0.002342984994364951
110,0.004585895498612954,0.002330289887366343
111,0.004572082548864616,0.002317641676849692
112,0.004558512651223033,0.002305155230871877
113,0.004545038750775936,0.002292732608946689
114,0.004531319917866013,0.0022802436928561634
115,0.0045174361970657,0.002267558970776955
116,0.0045032850899844185,0.00225474954649202
117,0.004489118784205469,0.002242017944662714
118,0.0044751012716573325,0.002229226450286325
119,0.0044610713969249925,0.0022164109675527786
120,0.004447048574810497,0.0022036546912896247
121,0.004433075756388634,0.002190804738552548
122,0.0044189545417428555,0.002177810831196399
123,0.004404723728684791,0.002164755933785208
124,0.004390525512726428,0.002151639908199437
125,0.0043762500098741995,0.002138527626322578
126,0.004361990237917344,0.002125454187037111
127,0.0043479167775989655,0.002112466258358359
128,0.004333726559497648,0.002099447894911182
129,0.0043193907696491025,0.002086343481418798
130,0.004305321752810524,0.0020733670150973244
131,0.004291203198203142,0.0020604855567618644
132,0.004277039130993186,0.0020476425931525728
133,0.004263181017820224,0.002035060408569147
134,0.004249320669270241,0.0020225139149618997
135,0.00423543460099435,0.002009962147929666
136,0.004221708172423732,0.001997461526802414
137,0.004207942348088075,0.0019850580372212582
138,0.004194194695219007,0.0019726731901892995
139,0.004180505429315607,0.001960267098131395
140,0.0041667851551960376,0.0019479029368251548
141,0.004153028998219461,0.0019355766064086306
142,0.004139299745829349,0.0019232469005729979
143,0.004125485923212238,0.001910956709656494
144,0.004111671226985845,0.0018987032113468266
145,0.004097987393206583,0.0018864946799386235
146,0.004084279921502286,0.0018743419617498539
147,0.004070560060558313,0.0018622331682431035
148,0.0040569126094206695,0.0018501545698538311
149,0.004043259235144549,0.0018381503433802817
150,0.004029652846616244,0.001826231261870448
151,0.0040161479854110465,0.0018143852102067664
152,0.00400261429103673,0.0018026021950589347
153,0.003989013342032061,0.0017908455457879523
154,0.003975476248599169,0.0017791170093071217
155,0.003961938058834236,0.0017674366401328604
156,0.003948327787567955,0.0017557821262194216
157,0.003934746880610563,0.0017441456330510388
158,0.003921208583380726,0.0017325532456170113
159,0.003907606415215931,0.0017210000126457563
160,0.0038940589083196757,0.0017095070678088604
161,0.003880581860678485,0.001698063450473614
162,0.003867085582468613,0.0016866645963858574
163,0.0038536025741957884,0.001675331506403855
164,0.003840237378735891,0.0016640803038140525
165,0.0038268976301972196,0.001652905346183914
166,0.0038135609915181867,0.0016418201788716467
167,0.0038002986370785827,0.0016308110428071426
168,0.0037871242596116475,0.0016198969336484747
169,0.0037739950235295893,0.0016090656744312498
170,0.0037609330223183526,0.0015983416118473155
171,0.003748003241755778,0.0015876971039956516
172,0.003735089376156664,0.0015771365066893596
173,0.0037221219464610884,0.0015666353877234896
174,0.0037092122950005747,0.0015561965443117395
175,0.003696282740730639,0.0015457476507654507
176,0.0036833207733598223,0.0015352793432745278
177,0.0036702804086287174,0.0015248456448417446
178,0.0036572607235092073,0.00151451077851618
179,0.0036442965381496733,0.001504235637035338
180,0.0036313271769227817,0.0014939842557148261
181,0.0036183552246009092,0.0014837608237025079
182,0.003605319513819491,0.0014735732079988767
183,0.0035923786563069244,0.001463434573672223
184,0.003579558665798291,0.0014533665365320417
185,0.0035668396498657997,0.0014433779720888975
186,0.0035541959612587688,0.001433499040426965
187,0.0035416443310089412,0.0014237182578980033
188,0.0035291905683052386,0.001414031650657634
189,0.0035168142545389633,0.001404426670170131
190,0.0035044727161561554,0.001394893029049503
191,0.0034921418282208307,0.0013854216440012544
192,0.003479852788728256,0.0013760075656221807
193,0.003467584600988765,0.0013666237227814722
194,0.00345532017189563,0.0013572727122514953
195,0.003443075410352533,0.001347952001705774
196,0.0034308658824944035,0.0013386807872486886
197,0.003418700466079153,0.0013294647435603854
198,0.003406589365254253,0.0013203104807789023
199,0.0033945440060815435,0.0013112398116415045
200,0.003382571560683357,0.0013022573978731058
201,0.0033706728461228826,0.0012933450824632602
202,0.0033588317464132798,0.001284509648288956
203,0.003347053141834818,0.0012757394089098087
204,0.0033352978087829222,0.0012670276951766656
205,0.0033235821785761593,0.0012583733817292974
206,0.003311916535117942,0.0012497829776775807
207,0.0033003007593285227,0.0012412497828321572
208,0.0032887263121695143,0.0012327594164034412
209,0.003277205451475621,0.0012243208132753929
210,0.0032657191031317248,0.0012159483817420283
211,0.0032542726736758047,0.0012076290680447515
212,0.003242863318994926,0.0011993716918581923
213,0.003231535114389011,0.0011911881011272662
214,0.0032202741694730896,0.0011830706517094985
215,0.0032090876954178576,0.0011750230777338485
216,0.0031979733191140783,0.0011670416750235242
217,0.0031869120262361557,0.0011591170377992673
218,0.003175851069666599,0.0011512253917697927
219,0.0031647910928910943,0.0011433573136820814
220,0.003153850155917049,0.0011355939933453633
221,0.003143043832813908,0.001127946475964534
222,0.0031323065527194736,0.001120380839346039
223,0.003121626284063259,0.0011128686721032708
224,0.00311091854616889,0.001105397499258159
225,0.003100230830098056,0.001097966494102086
226,0.0030895724465453693,0.0010905777171807778
227,0.0030789175614970394,0.0010832405873508985
228,0.003068319853623903,0.001075963231789984
229,0.003057768722235599,0.0010687505512669134
230,0.003047242167123217,0.0010615901030072785
231,0.0030367932289618016,0.0010544829499942526
232,0.003026392086302654,0.0010474320106246622
233,0.0030160382599061057,0.0010404430968822664
234,0.0030057409943554186,0.0010335102060573063
235,0.0029955043933044354,0.0010266367095922847
236,0.0029853202311097425,0.0010198232329080815
237,0.002975197529186492,0.001013068304887616
238,0.002965115366178132,0.0010063674256853272
239,0.0029550647701604804,0.0009997177988552198
240,0.002945023236330304,0.0009931027332913311
241,0.0029350259503267933,0.0009865461462324461
242,0.0029250480723513827,0.0009800208228577646
243,0.002915148420597446,0.0009735644017549351
244,0.0029053651593548974,0.0009671964995729803
245,0.0028956937483877697,0.0009609154533536639
246,0.00288609341824143,0.0009547097059869229
247,0.002876560410356038,0.0009485637848879609
248,0.0028670463589898342,0.0009424547643076979
249,0.0028575281257603308,0.0009363744040324467
250,0.0028480619617736445,0.000930333698934963
251,0.002838636498655618,0.000924334995730974
252,0.0028292435550907402,0.000918373342931834
253,0.002819877525494505,0.0009124425675837289
254,0.0028105168766280426,0.0009065405868295541
255,0.0028011713691279247,0.0009006738764860716
256,0.0027918459476981867,0.0008948354345267012
257,0.0027825470107320518,0.0008890308945584014
258,0.0027732885924095976,0.0008832533925058612
259,0.002764028807374655,0.0008774965448159555
260,0.002754771966561151,0.0008717663520835604
261,0.002745550781424375,0.0008660694692330608
262,0.002736361632398858,0.000860416971217048
263,0.002727212239257895,0.0008548135897889917
264,0.0027181272370677585,0.0008492621657749212
265,0.0027090893090050672,0.0008437603919223327
266,0.0027000967007663615,0.0008382930654982553
267,0.0026911339157836096,0.0008328625324046362
268,0.0026822090226614323,0.0008274710105741777
269,0.002673302707677578,0.0008221126038557779
270,0.0026644268067579735,0.000816788980226716
271,0.0026555966628594115,0.0008115092830221422
272,0.0026468005550658916,0.0008062676922071165
273,0.0026380330154236616,0.000801069455339232
274,0.00262933727029678,0.0007959218988585103
275,0.0026206962275502834,0.0007908212672529298
276,0.0026121161788064903,0.0007857672203446742
277,0.002603585481703949,0.0007807596916252324
278,0.0025951036237033286,0.0007757983385324199
279,0.002586670362512186,0.0007708765910318063
280,0.0025782892799280062,0.000765992895128881
281,0.002569933815215773,0.0007611452091084562
282,0.002561610149292287,0.0007563254663445017
283,0.0025533121474596516,0.0007515327425396918
284,0.0025450495396222594,0.0007467706003392157
285,0.002536805496700577,0.0007420334558162832
286,0.002528529333892711,0.000737298741542561
287,0.0025202950144248733,0.0007325984573542085
288,0.002512158115216065,0.0007279662611065636
289,0.0025041268435074104,0.00072341162447565
290,0.0024961793856313704,0.0007189149512236404
291,0.0024882962593319787,0.0007144734274621375
292,0.002480478976110362,0.0007100788417881184
293,0.002472700394301602,0.0007057229560503369
294,0.0024649563044444717,0.0007013999118954619
295,0.0024572558095064456,0.0006971098611690289
296,0.0024495944538249883,0.0006928519965495414
297,0.0024419645030421717,0.0006886289845218026
298,0.0024343829830620273,0.0006844403504644593
299,0.002426820342972188,0.0006802830182028001
300,0.0024192902005962156,0.0006761576619926843
301,0.0024117606752572926,0.0006720566520121809
302,0.0024042762096464303,0.0006679834944690574
303,0.0023968270878675963,0.0006639334718058568
304,0.002389394558658532,0.0006599123037347917
305,0.0023819717962973346,0.0006559101997385518
306,0.0023745865175259398,0.000651938206798701
307,0.002367309515597588,0.0006480323640731761
308,0.002360097364145829,0.0006441812805017171
309,0.0023529056595893256,0.0006403500936409947
310,0.002345731880000515,0.0006365421107771658
311,0.0023385792078515154,0.0006327518336888185
312,0.002331428145020473,0.0006289822374878242
313,0.0023243089278465905,0.000625230585284286
314,0.002317222025406736,0.0006215030347532863
315,0.002310152294732359,0.0006177965484969863
316,0.0023031022475033,0.0006141162102883585
317,0.0022960791328626314,0.0006104576001514015
318,0.002289088799080155,0.0006068234707495363
319,0.002282092209117505,0.0006032050293443256
320,0.0022751282946468594,0.0005996094247809957
321,0.0022681872890711195,0.0005960357724412157
322,0.002261278785994548,0.0005924908317848189
323,0.0022543873484915412,0.0005889710742936896
324,0.002247546241724099,0.0005854805346767149
325,0.0022407372721872,0.0005820153609648835
326,0.0022339453747256344,0.0005785813009903657
327,0.002227178281812033,0.0005751700432456623
328,0.0022204474863136417,0.0005717835437971946
329,0.002213756748854751,0.0005684215365299088
330,0.00220708330568149,0.0005650910225637695
331,0.0022004607344524954,0.0005617869311042191
332,0.0021938623457110826,0.0005585096156313609
333,0.0021872893396665456,0.0005552571414752665
334,0.0021807466080118617,0.0005520316649606039
335,0.002174244844632927,0.000548829213709952
336,0.002167760167735684,0.0005456506703150901
337,0.002161292689868634,0.0005424949871796279
338,0.0021548529890515825,0.0005393639879884371
339,0.002148466340070112,0.0005362597277308052
340,0.0021421128859209757,0.0005331765529451107
341,0.0021357896320499978,0.0005301195658109963
342,0.002129504740169595,0.000527083652564195
343,0.002123277635031524,0.0005240804101453543
344,0.0021170680249657727,0.0005210945324069999
345,0.0021109213396709203,0.0005181421183142542
346,0.002104798057321802,0.0005152075475628865
347,0.0020987125714243787,0.0005122945627759191
348,0.002092660371066574,0.0005094104590694288
349,0.002086656599369616,0.0005065541367295744
350,0.002080676478166459,0.0005037052895911823
351,0.00207477762256127,0.0005009116319449541
352,0.0020688388144523696,0.0004981005626512824
353,0.002062990451544067,0.0004953356683788711
354,0.002057142466511378,0.0004925881765335044
355,0.0020512990202448513,0.000489829346292413
356,0.002045543998384669,0.00048715580494257036
357,0.002039719888359741,0.0004844100611547989
358,0.002034054851412584,0.00048178076855639996
359,0.0020282558741734065,0.00047908174338767695
360,0.0020226239362304737,0.0004764681428853962
361,0.00201694045043412,0.0004738429134523959
362,0.002011290125050397,0.00047122582133702273
363,0.0020057116040663233,0.00046867493615613024
364,0.0020000752532680537,0.0004660658394038756
365,0.0019946042716363316,0.0004635695005066088
366,0.0019889852760965132,0.00046099222877266934
367,0.001983536861440049,0.0004585253180471433
368,0.0019780398684846943,0.000456011678679998
369,0.0019726320180949424,0.000453548841634436
370,0.001967190361592481,0.000451105836948949
371,0.0019617614462440593,0.00044864628448481377
372,0.0019564598056851967,0.00044627053175634514
373,0.0019510382296427948,0.00044382344807432556
374,0.0019457681657326553,0.0004414894036254233
375,0.0019403811277411912,0.0004390804307896349
376,0.0019351681981355788,0.0004367641799551012
377,0.0019298561235247967,0.00043441029837698684
378,0.0019246345799945903,0.0004320964880503512
379,0.0019194228729977735,0.000429807210473081
380,0.0019142056381146527,0.00042749304534807456
381,0.0019090989025526196,0.00042526562112290433
382,0.0019039071824391055,0.0004229691814593263
383,0.0018988882268969783,0.00042077515241682273
384,0.0018936819435064422,0.00041849793692320454
385,0.0018886384665201521,0.00041632019879200095
386,0.0018835307207688758,0.00041409088145564094
387,0.0018785273985644849,0.00041191804070607273
388,0.0018734733499641515,0.0004097414776323562
389,0.0018684683252200927,0.00040757521040214604
390,0.0018635063033304354,0.00040545540592854727
391,0.0018584994646741893,0.0004032905341428096
392,0.001853598866460963,0.0004012115545406072
393,0.0018485923401122565,0.00039906103005676126
394,0.0018437732589362198,0.00039701739602725336
395,0.0018387859798399788,0.0003948903504032973
396,0.001833988915031728,0.0003928762165645005
397,0.0018290674650003947,0.00039078406591960374
398,0.0018243140238427852,0.00038878630935130414
399,0.0018194394848515814,0.00038673454775064087
400,0.0018146987951699323,0.0003847446473518422
401,0.0018098906118443623,0.00038272973051562683
402,0.001805143202595168,0.0003807405588868664
403,0.0018003922599938399,0.0003787638793372885
404,0.001795650745902489,0.00037677642511802726
405,0.0017909581605839347,0.0003748357594421555
406,0.001786216957218875,0.00037285629572904886
407,0.0017815752812710666,0.0003709507465227554
408,0.0017768265692275098,0.0003689828801980977
409,0.0017722203432626133,0.0003670984222150797
410,0.0017673454794870317,0.00036507981782932377
411,0.0017625492295975252,0.00036313223307063046
412,0.0017577274371506828,0.00036114986060011066
413,0.001753130942244828,0.00035929975788477717
414,0.0017484121746643262,0.00035739188208185876
415,0.0017439051526670238,0.0003555881435075104
416,0.0017392658299749807,0.00035371915178599334
417,0.0017347970719569486,0.0003519395866715784
418,0.0017301952560523433,0.00035009796562376205
419,0.0017257391769273784,0.00034833552290046204
420,0.001721201637476268,0.00034653465725309446
421,0.0017168565584037261,0.00034481945990902764
422,0.0017124032089533372,0.0003430639219538837
423,0.0017080823727848233,0.00034136754822550555
424,0.0017036903826861127,0.00033963994287913895
425,0.0016993976072623134,0.00033796484749173576
426,0.0016950497709535739,0.00033626454647979167
427,0.0016908161698410556,0.00033460970262748054
428,0.0016865608117593769,0.0003329478067103906
429,0.0016824218685780172,0.00033133167974601065
430,0.0016782073173409414,0.0003296877870347576
431,0.0016740849667694648,0.00032808678515713907
432,0.0016699070637803712,0.0003264582812631055
433,0.0016658149824843337,0.00032487792207281816
434,0.0016616569686186764,0.0003232673852065074
435,0.001657629543442813,0.00032171002827127004
436,0.0016534850035547113,0.00032011453788232725
437,0.0016495036059174378,0.00031858417962349827
438,0.0016454087511109537,0.0003170053929924559
439,0.0016414511774091019,0.00031550027228076876
440,0.00163739359723813,0.00031394298473775135
441,0.0016334940142632179,0.00031247140612992606
442,0.0016294758550523475,0.0003109364227800797
443,0.0016256306449185228,0.00030949144864906306
444,0.001621637574474514,0.0003079747692092841
445,0.0016178479972085665,0.0003065570386137663
446,0.0016139124378082646,0.00030505897613806776
447,0.0016101369385216838,0.00030365959260700856
448,0.0016062362114307365,0.00030218206525096345
449,0.001602505531343196,0.00030079958007262365
450,0.0015986386415877691,0.0002993455056714852
451,0.0015949221851077936,0.00029797408961023064
452,0.0015911014566097113,0.00029655158305749165
453,0.0015873952205840572,0.00029518533075175834
454,0.001583655012251768,0.0002937943428318273
455,0.001579919979006777,0.00029242766680099235
456,0.001576228052909284,0.000291070807079941
457,0.0015725220879681848,0.0002897119555600601
458,0.0015688607238754952,0.0002883768765246672
459,0.0015651749455247502,0.0002870320932972388
460,0.001561543656508986,0.00028571031003655405
461,0.0015578962112965439,0.0002843892033176189
462,0.0015542691803536882,0.00028307842779948147
463,0.0015506515754739058,0.00028177458570336476
464,0.0015470519433760526,0.000280479563956661
465,0.0015434815141793232,0.00027919007673989733
466,0.0015399055598280529,0.0002779064451125093
467,0.0015363304822911762,0.0002766301435995542
468,0.0015327824493830665,0.00027536236017852803
469,0.001529247593564558,0.00027409990775931783
470,0.0015257151134405583,0.00027284488904460823
471,0.0015221866048582189,0.0002715969238307764
472,0.0015186865638367817,0.00027035699912067896
473,0.001515200473952476,0.00026912319160882843
474,0.001511706646108425,0.00026789649232891965
475,0.0015082050154008018,0.0002666731253835624
476,0.0015047466983631518,0.0002654608754902459
477,0.0015013225609200268,0.00026425885482697924
478,0.0014979133163319572,0.00026306589904797077
479,0.001494524088737435,0.0002618826423739166
480,0.0014911453756361898,0.00026070753526958153
481,0.0014877802241424199,0.0002595381509100986
482,0.001484422601612946,0.00025837535082237596
483,0.0014810709513694619,0.0002572195341856185
484,0.0014777229259295454,0.0002560685188443751
485,0.001474387896262083,0.00025492206457252515
486,0.0014710634895197616,0.000253782691999429
487,0.0014677523523118725,0.0002526502636696851
488,0.0014644437247995626,0.0002515224700511107
489,0.001461158116049653,0.00025040310960788154
490,0.0014578874627169276,0.0002492895076591501
491,0.0014546154863273482,0.0002481828469448152
492,0.0014513574495218253,0.00024708224711250806
493,0.0014481240594324055,0.0002459872758347173
494,0.0014448838367580263,0.00024489737401126857
495,0.001441663024888704,0.00024381620989320581
496,0.0014384653058441726,0.00024274144471758986
497,0.001435287625787522,0.00024167278690742687
498,0.0014321204952258706,0.00024060959133744784
499,0.0014289484135256991,0.00023955395260784852
500,0.0014257933345101616,0.00023850262689369063
501,0.0014226444071454988,0.00023745610335057822
502,0.0014194927004713635,0.00023641476621022212
503,0.0014163507595558369,0.00023537859424967782
504,0.0014132057871742805,0.0002343471893994424
505,0.0014100552619259491,0.00023332196431261268
506,0.0014069274479341762,0.00023230210150623903
507,0.0014038023394359216,0.00023128784609749653
508,0.0014007050722703693,0.00023027989855582372
509,0.0013976065877329001,0.00022927808031108373
510,0.0013945209115920636,0.0002282811312191741
511,0.0013914568799615421,0.0002272893620521113
512,0.001388398885309882,0.00022630309204027963
513,0.0013853627950442676,0.00022532256031956553
514,0.001382327003125538,0.0002243462604184248
515,0.0013792946093948144,0.00022337513813074712
516,0.0013762857841789773,0.0002224082352057081
517,0.001373279890491415,0.00022144486260417673
518,0.0013702837267150062,0.00022048708933458574
519,0.001367299599430242,0.00021953580826624116
520,0.001364330319424705,0.0002185915686292094
521,0.001361387219469141,0.00021765392557004573
522,0.0013584552105390905,0.00021672193146533218
523,0.0013555346329073637,0.0002157951199155526
524,0.001352631677884299,0.00021487501858904933
525,0.0013497293566954514,0.0002139598787577445
526,0.0013468443832581618,0.00021305067714201558
527,0.0013439748486484752,0.00021214751233357182
528,0.0013411130364021913,0.0002112519062666807
529,0.0013382735512005369,0.0002103632286517545
530,0.0013354524436496652,0.00020948169088472817
531,0.001332635960398976,0.00020860528060220277
532,0.0013298459710833878,0.00020773448839301998
533,0.0013270559125122445,0.00020686788649914667
534,0.0013242759108371732,0.0002060072134078946
535,0.0013215117014656209,0.0002051522897285659
536,0.0013187739001838806,0.00020430264141796934
537,0.0013160224941968167,0.00020345839781590476
538,0.0013132983454915658,0.0002026188487183914
539,0.0013105759390175625,0.0002017844796726443
540,0.0013078768812000317,0.00020095379204694157
541,0.0013051726499953217,0.00020012488562027434
542,0.0013024805454395108,0.00019930231500167318
543,0.0012998163248507395,0.00019848254985772978
544,0.0012971210333994026,0.00019766376163904442
545,0.0012944479937261797,0.0001968473551076605
546,0.0012917567007275197,0.00019603292374960083
547,0.0012890946700855705,0.00019522232620709733
548,0.0012864367567607922,0.0001944160259978433
549,0.0012838032766641996,0.0001936188791422341
550,0.00128120932271173,0.000192829756662746
551,0.0012785876012754106,0.000192042990840654
552,0.0012759595110358889,0.00019125643934019115
553,0.0012733290072844097,0.00019047275883617406
554,0.0012707146813875068,0.00018969075313468383
555,0.0012680907834280684,0.00018891246950898612
556,0.0012654860336530937,0.00018813825473584583
557,0.0012629112261707744,0.00018736816264982014
558,0.0012603309407047054,0.00018660334574356618
559,0.0012577810770789727,0.0001858440765599772
560,0.0012552343188272426,0.00018509069735554766
561,0.0012527223363426791,0.0001843439054502858
562,0.0012502193085463824,0.0001836027194702843
563,0.0012477177134854974,0.00018286727533071523
564,0.0012452364891348063,0.00018213719653755386
565,0.001242759452059144,0.00018141260405629743
566,0.0012403182456210153,0.00018069190773885681
567,0.0012378604297653842,0.00017997624063231357
568,0.001235421587771836,0.0001792663076963241
569,0.0012329977587602872,0.00017856132358869882
570,0.0012306104883839626,0.0001778605236693672
571,0.0012282115630598974,0.00017716183208756035
572,0.0012257852193395661,0.00017646841354161514
573,0.001223408634364918,0.0001757796507694355
574,0.0012210323982410017,0.000175094441737852
575,0.0012186610026235132,0.00017441199686165528
576,0.0012162830307292042,0.0001737344963551738
577,0.0012139305580745224,0.00017306127820435494
578,0.0012115933808902052,0.00017239006123687142
579,0.0012092348403605598,0.00017172299307484167
580,0.0012068993571728603,0.00017106090792624935
581,0.0012045709378741222,0.00017040218174829198
582,0.001202260381756736,0.00016974564550318694
583,0.001199942160440624,0.00016909139212741936
584,0.0011976375228992709,0.00016844063265830753
585,0.0011953444284460452,0.00016779245877817725
586,0.0011930484761721676,0.00016714849343364206
587,0.0011907778589302501,0.00016650765676629086
588,0.0011885022245587246,0.00016587102831822464
589,0.0011862377153499996,0.00016523752372848738
590,0.0011839768122387754,0.00016460825908648315
591,0.0011817335103468407,0.0001639838768356189
592,0.0011795047822838346,0.000163363485104885
593,0.001177276367720116,0.0001627471167401655
594,0.0011750686088530442,0.00016213383944527066
595,0.0011728492680906056,0.0001615245969710841
596,0.0011706469368463312,0.00016091812813792214
597,0.001168447852666511,0.00016031390303235948
598,0.001166250412305561,0.00015971282800389324
599,0.001164060764113477,0.00015911454602519969
600,0.0011618609087336688,0.0001585184104726213
601,0.0011596710387492338,0.00015792463163581826
602,0.0011574805946780932,0.000157333657521666
603,0.0011553036179850038,0.00015674433490105565
604,0.00115312968426528,0.00015615658892748947
605,0.0011509415335563282,0.0001555670099557538
606,0.0011487520832414815,0.0001549745609402904
607,0.0011465271391674834,0.00015437846640183988
608,0.00114428754839873,0.00015378142432934043
609,0.0011420673465749249,0.0001531913023213661
610,0.0011398795010687766,0.00015261038523219629
611,0.0011377152080810787,0.00015203686100054016
612,0.0011355726152258085,0.00015147213020743334
613,0.0011334340307404484,0.0001509113150181849
614,0.0011313148331672654,0.00015035431696687736
615,0.0011292110530626103,0.00014980122014220004
616,0.001127116433269847,0.00014925149585199107
617,0.0011250252577163127,0.00014870504044704232
618,0.0011229380695369153,0.0001481616308643342
619,0.0011208556781920468,0.00014762140771795295
620,0.001118787157027243,0.00014708410767672915
621,0.0011167263105875175,0.00014655000831782626
622,0.0011146628429451186,0.00014601830082769905
623,0.0011126078094087133,0.0001454887952479046
624,0.0011105352873009029,0.00014496015199444749
625,0.0011084917864345777,0.00014443657780891062
626,0.0011064913887901655,0.00014391964977912653
627,0.0011045093315740387,0.00014340767308827993
628,0.001102531631703568,0.00014289957249819508
629,0.0011005671167217139,0.00014239488879125344
630,0.0010985995002329564,0.00014189284136222286
631,0.0010966341715287124,0.00014139262276818774
632,0.0010946855801209114,0.00014089493262305994
633,0.0010927300948345704,0.00014039901102647025
634,0.0010907775019706608,0.00013990487735888733
635,0.0010888441713297152,0.0001394138413423158
636,0.0010869110194482883,0.0001389255716056621
637,0.001084982961736467,0.00013843944035402166
638,0.0010830624110437555,0.0001379557470839384
639,0.001081154469963524,0.0001374742285153565
640,0.0010792527118287578,0.0001369956917143885
641,0.0010773576307704206,0.00013652047335415728
642,0.0010754795985091238,0.0001360489800725741
643,0.001073613342744941,0.00013558116897618161
644,0.001071749881949746,0.000135116561690234
645,0.0010698939377492317,0.0001346547033391901
646,0.001068054964425823,0.00013419629077882008
647,0.001066218204503072,0.00013374073360564355
648,0.0010643808980719271,0.00013328701374919216
649,0.0010625616136884161,0.00013283616830552856
650,0.0010607473269675716,0.00013238778579847962
651,0.0010589359644088269,0.00013194161725836576
652,0.0010571379321667822,0.00013149678762937366
653,0.0010553343581250554,0.00013105400735640934
654,0.0010535318695784471,0.00013061334538083143
655,0.0010517366686767942,0.00013017365920873567
656,0.001049937932529356,0.0001297349820367381
657,0.0010481469766047875,0.00012929867608815496
658,0.001046366405903706,0.00012886441830516505
659,0.0010445854382041453,0.00012843265165319648
660,0.0010428250709888802,0.00012800331742212067
661,0.0010410674144523764,0.00012757534942013003
662,0.001039307117415231,0.00012715046262440499
663,0.001037562552807991,0.00012672787391723522
664,0.0010358269233124,0.00012630704973849583
665,0.001034093510482115,0.0001258882547352115
666,0.0010323709372112592,0.00012547172248329364
667,0.001030643751222387,0.0001250548845553204
668,0.0010289236520254494,0.00012464111135947412
669,0.0010272334749144554,0.00012423144165553792
670,0.001025554350784075,0.00012382464165237666
671,0.0010238913120729802,0.00012342245356975658
672,0.0010222565274929385,0.00012302366279181716
673,0.0010205974435166085,0.00012262280822160297
674,0.0010189033335984818,0.00012221939751666964
675,0.0010171994589194917,0.00012181487215289772
676,0.0010154980709989154,0.00012141181191786974
677,0.0010138121714340538,0.00012101191739245856
678,0.0010121438555684755,0.00012061606051322513
679,0.001010492129941355,0.0001202240746868747
680,0.0010088480908588193,0.00011983547305561524
681,0.0010072324983525882,0.00011945025594275702
682,0.0010056191441303387,0.00011906735329339923
683,0.001004019555451226,0.00011868723897196587
684,0.001002426287561349,0.00011830906236079901
685,0.0010008353584636477,0.00011793361521087409
686,0.0009992621595050501,0.00011756005898413425
687,0.0009976847396748663,0.00011718787007810722
688,0.0009961118906292945,0.00011681771412842556
689,0.0009945402240143836,0.00011644932264013608
690,0.0009929745123075262,0.00011608215813223017
691,0.000991412430880184,0.00011571718039416528
692,0.0009898613790050184,0.0001153534386413255
693,0.0009883032944097041,0.00011499100206697261
694,0.0009867577380464551,0.00011463022137291092
695,0.0009852070319611246,0.00011427016882103807
696,0.0009836537069385434,0.00011391223601603921
697,0.0009821142624430693,0.00011355564298169803
698,0.0009805728165509908,0.0001132005151530387
699,0.0009790335296338826,0.0001128477267575658
700,0.0009775047939772129,0.00011249721804210228
701,0.0009759735468076871,0.00011214738306061691
702,0.0009744438999786811,0.00011180016318023309
703,0.0009729361147579578,0.00011145524213202464
704,0.0009714241908790923,0.00011111199326904588
705,0.0009699253302630936,0.00011077038354889979
706,0.0009684406128727863,0.0001104307175098304
707,0.0009669603369447223,0.00011009435298721695
708,0.000965504107760384,0.00010975998778247478
709,0.0009640417116297617,0.00010942752107099907
710,0.0009625986399061148,0.00010909763592076784
711,0.0009611667344468865,0.00010877011138511426
712,0.0009597379984791724,0.00010844390416483529
713,0.0009583207980362793,0.00010811925985172454
714,0.0009569070882176932,0.00010779761122360231
715,0.000955500340691692,0.00010747773616998104
716,0.0009540969465016197,0.00010716027761494316
717,0.0009527078866906578,0.00010684549679685491
718,0.0009513185207714634,0.00010653273047821133
719,0.0009499291034103353,0.00010622141993565321
720,0.0009485423870899533,0.00010590991668365908
721,0.0009471401502249199,0.00010559729322075415
722,0.0009457545789903682,0.00010528489659391594
723,0.0009443441654636623,0.00010497214859110948
724,0.0009429403279603512,0.00010465977671736077
725,0.0009415325788216888,0.00010434686687888058
726,0.0009401098272857841,0.00010403423224834505
727,0.0009386962191331483,0.00010372210736344448
728,0.0009372617521617002,0.00010340908816734033
729,0.0009358360488437999,0.0001030966331248522
730,0.0009344086481325618,0.00010278579954159599
731,0.0009329868335281374,0.00010247653270213681
732,0.0009315689852666859,0.00010216877507871895
733,0.0009301545607664351,0.00010186329611911951
734,0.0009287486289809546,0.00010155970110438224
735,0.00092734694943586,0.00010125812213414078
736,0.0009259572389678859,0.00010095893327645937
737,0.0009245627891350918,0.00010066171431015663
738,0.0009231805680600602,0.00010036645094620518
739,0.0009217981107462325,0.0001000728569645647
740,0.0009204212416513375,9.978093903088904e-05
741,0.0009190525263305097,9.949055338076573e-05
742,0.0009176828989097846,9.920141353148607e-05
743,0.000916342321454518,9.891480633486405e-05
744,0.0009149973738632041,9.862924173422538e-05
745,0.0009136719183746942,9.834423035722158e-05
746,0.0009123396982528091,9.805938880638828e-05
747,0.0009110184562366961,9.777658201504116e-05
748,0.0009097092350586448,9.749547626718293e-05
749,0.0009083880847900788,9.721679250107564e-05
750,0.0009071023347909415,9.694043794875065e-05
751,0.000905803530737289,9.666564414225642e-05
752,0.0009045272014416256,9.639090656429838e-05
753,0.0009032494676318389,9.611744517934642e-05
754,0.0009019755146548807,9.584560007999145e-05
755,0.0009007171839847611,9.557476508154815e-05
756,0.0008994435054960947,9.530482335158147e-05
757,0.0008981763471670737,9.503530768535315e-05
758,0.0008968970355182869,9.476497671733437e-05
759,0.0008956129657212859,9.449400150067259e-05
760,0.0008943331442189367,9.422382234627336e-05
761,0.0008930515139460864,9.39540384552041e-05
762,0.0008917716423182748,9.368393350741551e-05
763,0.0008904844908205474,9.34132853896322e-05
764,0.0008891940869430369,9.314253481137949e-05
765,0.0008879055501930453,9.287365433743722e-05
766,0.0008866210962187059,9.260696008541623e-05
767,0.0008853459112306953,9.234234524710416e-05
768,0.0008840742421497362,9.208128262731157e-05
769,0.0008828254087019497,9.18238408115496e-05
770,0.0008815869085583671,9.156886397799157e-05
771,0.0008803505555645234,9.131524219322687e-05
772,0.0008791290997346527,9.106420910147471e-05
773,0.0008779110015692722,9.081616132153723e-05
774,0.0008767072416576918,9.056937667903914e-05
775,0.000875490128335176,9.03220858851398e-05
776,0.0008742737511184447,9.007407008050855e-05
777,0.0008730507417752868,8.982610632179556e-05
778,0.0008718352634757943,8.957907450364347e-05
779,0.0008706279963551682,8.933296600853016e-05
780,0.0008694131054401886,8.9087541646105e-05
781,0.000868211361345377,8.884437005248698e-05
782,0.000867010687906763,8.860153617694861e-05
783,0.000865816848165084,8.835958072584477e-05
784,0.0008646338045222865,8.811981602617472e-05
785,0.0008634597135291193,8.78821461219658e-05
786,0.0008622924111461554,8.764564323936305e-05
787,0.0008611336134370778,8.740965259443081e-05
788,0.0008599860903453825,8.717584502483814e-05
789,0.0008588494431472156,8.694438345146389e-05
790,0.0008577285355606598,8.671465828079345e-05
791,0.0008566100729320171,8.648665463531145e-05
792,0.0008554963409416583,8.62600624771203e-05
793,0.0008543822110155995,8.603484884880799e-05
794,0.0008532720721462589,8.580918711366315e-05
795,0.0008521421174991586,8.558257421419373e-05
796,0.0008510057876809852,8.535503538487741e-05
797,0.0008498655515445973,8.512685395625118e-05
798,0.0008487026820232892,8.489674837883596e-05
799,0.000847537528657893,8.466536660651826e-05
800,0.0008463560939624866,8.443369990846943e-05
801,0.0008451847625924731,8.420156488368216e-05
802,0.0008439986805056734,8.39703042192655e-05
803,0.0008428215080587325,8.373987578674562e-05
804,0.000841643690286122,8.35097135235045e-05
805,0.0008404657417463886,8.328078488551456e-05
806,0.0008393094558493807,8.305351264515027e-05
807,0.0008381483179175403,8.282811087511577e-05
808,0.0008369995034182649,8.260330756554166e-05
809,0.0008358486865025517,8.238052701868971e-05
810,0.0008347142678333289,8.21606074417137e-05
811,0.0008335939587125489,8.194293048696775e-05
812,0.0008324654931394235,8.172729719729685e-05
813,0.0008313617644465099,8.151472993747803e-05
814,0.0008302529715363434,8.130445384341084e-05
815,0.0008291655501801497,8.10959772540633e-05
816,0.0008280842023314841,8.088943508123874e-05
817,0.0008270044427111757,8.068360403569506e-05
818,0.0008259376684715205,8.0479673002461e-05
819,0.0008248611952234612,8.027892763932489e-05
820,0.0008237971251268428,8.008029119914689e-05
821,0.0008227427396630559,7.98821523899227e-05
822,0.000821717604131563,7.96864901267257e-05
823,0.000820700038499136,7.949053501746283e-05
824,0.0008196694140278748,7.92919167643863e-05
825,0.0008186475390217325,7.909234311541272e-05
826,0.0008176140503030592,7.889209220085451e-05
827,0.0008165953505335917,7.869234033116953e-05
828,0.0008155709063214614,7.849338018101717e-05
829,0.0008145556536309469,7.829493949408586e-05
830,0.0008135373775280968,7.809676673049818e-05
831,0.0008125140719771444,7.789925503649879e-05
832,0.000811494254836397,7.770231293898582e-05
833,0.0008104670485451598,7.750634187452175e-05
834,0.0008094582110093285,7.731093457822551e-05
835,0.0008084416520936854,7.711626011748297e-05
836,0.0008074299168574431,7.692245951141012e-05
837,0.0008064135741582177,7.672825157742145e-05
838,0.0008053825305105694,7.653334344704483e-05
839,0.0008043555681662511,7.633868713987728e-05
840,0.0008033265778515328,7.614553036171351e-05
841,0.0008023158131820221,7.595360451284776e-05
842,0.0008012959951493416,7.576179793121307e-05
843,0.0008002789671662836,7.55703713342828e-05
844,0.0007992658025939708,7.537990920846829e-05
845,0.0007982400223552421,7.518920036850038e-05
846,0.0007972224515489567,7.499917573211833e-05
847,0.0007962042149555653,7.481062103606053e-05
848,0.0007951981663546566,7.46232164772129e-05
849,0.0007942018332182673,7.443679720967358e-05
850,0.0007932100684774349,7.425136381329856e-05
851,0.0007922197377301841,7.406723203580112e-05
852,0.0007912325030134311,7.388354744681207e-05
853,0.0007902508826826978,7.370045322515373e-05
854,0.0007892646887277137,7.351893417402933e-05
855,0.000788289045101771,7.33386411536687e-05
856,0.0007873011241958713,7.315822747698861e-05
857,0.0007863192507292465,7.29781467059991e-05
858,0.0007853479309875193,7.2799534693154e-05
859,0.0007843876191775996,7.2621539753725e-05
860,0.0007834256378768193,7.244401296502649e-05
861,0.0007824670507541018,7.226760744626422e-05
862,0.0007815072716368781,7.209197269167277e-05
863,0.000780543618531933,7.1916660367745e-05
864,0.000779595349936839,7.174216748430136e-05
865,0.0007786519611066423,7.156873875776846e-05
866,0.0007777163061048336,7.13964895433156e-05
867,0.0007767858009156054,7.122446050097025e-05
868,0.0007758506993294424,7.105300386915516e-05
869,0.0007749193837387971,7.088266821706473e-05
870,0.0007739840121248098,7.071271180025347e-05
871,0.0007730471899632663,7.054210127007086e-05
872,0.0007721129836688315,7.03718896405355e-05
873,0.0007711861974855368,7.020221318815948e-05
874,0.0007702630779423593,7.003344343304033e-05
875,0.0007693425259275028,6.986476450841098e-05
876,0.0007684239832665398,6.969696705304729e-05
877,0.0007675027656907434,6.9529154238701e-05
878,0.0007665805198558906,6.936075918731905e-05
879,0.0007656640293024755,6.919271424152687e-05
880,0.000764752826703374,6.90252664048757e-05
881,0.0007638410109525106,6.885851938756475e-05
882,0.0007629338183693699,6.869115230709234e-05
883,0.0007620140825500762,6.852381916410251e-05
884,0.0007610882546866465,6.835579843251694e-05
885,0.0007601743312524447,6.818823611106506e-05
886,0.000759260761908877,6.802154574376031e-05
887,0.0007583540109042658,6.785573919961883e-05
888,0.0007574462966974803,6.769171003884953e-05
889,0.0007565464320003053,6.75287227208187e-05
890,0.0007556447303866586,6.736602622981643e-05
891,0.0007547337425554688,6.72042876237259e-05
892,0.0007538535165541608,6.704466123094687e-05
893,0.0007529619230933074,6.688652351466721e-05
894,0.0007520805403784857,6.672821894526127e-05
895,0.0007511905081303478,6.657057738261594e-05
896,0.0007503021535270046,6.641432713065016e-05
897,0.0007494193138923181,6.625859705123862e-05
898,0.0007485424484310184,6.610290848769074e-05
899,0.0007476557283163453,6.594664225063461e-05
900,0.0007467757116010801,6.579179540310767e-05
901,0.0007458929136783718,6.563782079512689e-05
902,0.0007450045335658627,6.548465415436246e-05
903,0.0007441207112274937,6.533294956856217e-05
904,0.0007432390313703886,6.518283131696583e-05
905,0.0007423720584858973,6.503386993336403e-05
906,0.00074150949289229,6.488603493139141e-05
907,0.0007406585670819145,6.473992819226811e-05
908,0.0007398217207258475,6.459673983153347e-05
909,0.0007389934975383063,6.445411888030827e-05
910,0.000738155639441152,6.431155113940845e-05
911,0.0007373372990284449,6.417342724561818e-05
912,0.0007365034593819785,6.40314351984073e-05
913,0.0007356618142132865,6.388765337417497e-05
914,0.000734814372091776,6.374289567742332e-05
915,0.0007339704039991744,6.359950019438778e-05
916,0.0007331424792571135,6.345918916690815e-05
917,0.0007323094638261425,6.331810226941378e-05
918,0.0007314716737226161,6.317432455985676e-05
919,0.0007306259051494967,6.302884473357181e-05
920,0.0007297982592855726,6.288714543203897e-05
921,0.0007289870789232286,6.27505716794912e-05
922,0.0007281784212789001,6.261711321289925e-05
923,0.0007273845020110337,6.248579241669335e-05
924,0.0007265943218098822,6.235501833990023e-05
925,0.0007258018779724526,6.222452917229108e-05
926,0.0007250149116794871,6.209510067517978e-05
927,0.0007242372389072836,6.196609121378064e-05
928,0.0007234622455990843,6.183657187926003e-05
929,0.0007226921706067315,6.17061111747155e-05
930,0.0007219195615736664,6.157497975651652e-05
931,0.0007211439574334536,6.14435867297607e-05
932,0.0007203775090193947,6.131158351100346e-05
933,0.0007195972151706903,6.117955818978478e-05
934,0.0007188209530153462,6.104723290062804e-05
935,0.0007180471429480798,6.091572415330222e-05
936,0.0007172724657800951,6.078337026626366e-05
937,0.0007164877295605145,6.065122671593339e-05
938,0.0007157064482765706,6.051629544321214e-05
939,0.000714926611985368,6.038300855832338e-05
940,0.0007141340091807064,6.024577230606132e-05
941,0.00071335884719713,6.0113207403160664e-05
942,0.0007125630345970723,5.997434276066257e-05
943,0.0007117951039174036,5.984483480557278e-05
944,0.0007109842294130368,5.9700344885132464e-05
945,0.0007102250008751186,5.957193425359052e-05
946,0.0007094258031286985,5.943320184452887e-05
947,0.0007086520779435859,5.9296992383272884e-05
948,0.0007078885430673742,5.916849679809669e-05
949,0.0007070819991096309,5.902561450289211e-05
950,0.0007063622696222181,5.890614341461308e-05
951,0.0007055355186939811,5.875861738236556e-05
952,0.0007048179590485293,5.864304464825746e-05
953,0.0007039908300354235,5.849500553325595e-05
954,0.0007032711072070424,5.837984523034986e-05
955,0.0007024510171936265,5.823532184122643e-05
956,0.0007017412873537237,5.8118518134917805e-05
957,0.0007009373916989266,5.798021049856943e-05
958,0.000700208563366093,5.785984785736873e-05
959,0.0006994446515068774,5.772809642062854e-05
960,0.0006986980720006727,5.760352262479822e-05
961,0.0006979552675501958,5.747952963275354e-05
962,0.0006972056744674838,5.735050405878572e-05
963,0.0006964821462361337,5.723331985954406e-05
964,0.0006957174909015616,5.710083474756712e-05
965,0.0006950291602794976,5.6990097075398774e-05
966,0.0006942516286980909,5.685479430314113e-05
967,0.0006935703183669229,5.674796389784372e-05
968,0.0006928058921031702,5.661207701207352e-05
969,0.0006921276818986649,5.650740999218889e-05
970,0.0006913551975344438,5.637192679273834e-05
971,0.0006906921326401882,5.6267561975003e-05
972,0.0006899185416055304,5.613474781531701e-05
973,0.0006892517239571039,5.602942352142723e-05
974,0.0006884991369723411,5.589956279502445e-05
975,0.0006878246070308861,5.579191072182034e-05
976,0.0006870822193334312,5.566631476563168e-05
977,0.0006864101977053275,5.555547434184357e-05
978,0.0006856822326360112,5.5434674310567024e-05
979,0.0006849960494357369,5.532084255313562e-05
980,0.0006843094940420281,5.520645163274264e-05
981,0.0006836051850000748,5.5089156294126107e-05
982,0.0006829347479919695,5.4979579550070976e-05
983,0.0006822311119789945,5.4858563874467134e-05
984,0.0006815615542347023,5.4752964691015385e-05
985,0.0006808300127340184,5.4628086245865524e-05
986,0.0006801817864165501,5.452542136664746e-05
987,0.000679438557004333,5.43989695946537e-05
988,0.0006787973368878013,5.429943736371109e-05
989,0.0006780610773095451,5.4172147545311834e-05
990,0.0006774266933480214,5.407455920861684e-05
991,0.000676691864200729,5.39481206350773e-05
992,0.0006760687470506356,5.385137739556437e-05
993,0.000675339529392672,5.372648120123954e-05
994,0.0006747091401962506,5.362972634575297e-05
995,0.0006740011794798601,5.350774912471645e-05
996,0.0006733652899417541,5.341000843966669e-05
997,0.0006726630174539752,5.3290843623407866e-05
998,0.0006720320294064826,5.3191668944104875e-05
999,0.0006713351221097124,5.3075433786378626e-05
1000,0.000670688093386862,5.2973378345656205e-05
1001,0.0006700057689411061,5.286024978379479e-05
1002,0.0006693526792239609,5.2755770431382264e-05
1003,0.0006686779013697501,5.264636100793082e-05
1004,0.0006680171355589802,5.253903022975236e-05
1005,0.0006673596874511669,5.243345374588673e-05
1006,0.0006666854647514826,5.232364203806876e-05
1007,0.0006660325983804469,5.222124438296082e-05
1008,0.0006653622037630328,5.210922755128576e-05
1009,0.0006647249928937991,5.201082092464502e-05
1010,0.0006640444944351225,5.1897327487904e-05
1011,0.0006634180525842688,5.1801416107244636e-05
1012,0.0006627243347055991,5.168608206859445e-05
1013,0.000662111313229906,5.15928723888704e-05
1014,0.0006614117990804243,5.1476544807804535e-05
1015,0.000660799444374167,5.138545851550602e-05
1016,0.0006601037312133588,5.126863799288863e-05
1017,0.0006595001293431648,5.1179320759771675e-05
1018,0.000658801453636022,5.1062829900121064e-05
1019,0.0006582061476815431,5.0974180520240185e-05
1020,0.0006575096101446809,5.085728517217062e-05
1021,0.0006569089323745133,5.0769173403856095e-05
1022,0.0006562155266266398,5.065257849853042e-05
1023,0.0006556159733015087,5.056428713144903e-05
1024,0.0006549188469087095,5.0448951544788e-05
1025,0.0006543277290142303,5.036096702577965e-05
1026,0.0006536344704315512,5.024678117070494e-05
1027,0.0006530363346575919,5.015763393978323e-05
1028,0.0006523573581855716,5.004503484148143e-05
1029,0.0006517584191927327,4.9955997673649924e-05
1030,0.0006510818302835514,4.9845412502018676e-05
1031,0.0006504826439470311,4.9755737192944554e-05
1032,0.0006498024357292898,4.9646596327886334e-05
1033,0.0006492065021434755,4.9557202711101214e-05
1034,0.0006485352534861511,4.94487951622121e-05
1035,0.000647929091982249,4.935807783387048e-05
1036,0.000647269582574423,4.925163170885594e-05
1037,0.0006466684147011238,4.9160946312205006e-05
1038,0.0006460151486127483,4.905616912282911e-05
1039,0.0006454195350322778,4.896476730064493e-05
1040,0.0006447770099815139,4.886239331507367e-05
1041,0.0006441845771204215,4.877185622822722e-05
1042,0.0006435600636883634,4.86712083102278e-05
1043,0.0006429619821412147,4.857904870178949e-05
1044,0.0006423340596144586,4.8480460969426445e-05
1045,0.0006417422751017322,4.8387891382392536e-05
1046,0.0006411108409242263,4.829003409120734e-05
1047,0.0006404970544454656,4.8196228329445206e-05
1048,0.0006398798314991731,4.8100375940810766e-05
1049,0.0006392651622100314,4.8006218084945536e-05
1050,0.000638638587335319,4.7911380551703115e-05
1051,0.0006380336576120567,4.781678314552193e-05
1052,0.0006374114243406544,4.7724050702252834e-05
1053,0.0006367985689769436,4.762991489569256e-05
1054,0.000636190769531361,4.75380902601784e-05
1055,0.0006355697867020337,4.744325001737114e-05
1056,0.0006349657893499168,4.7353593229204474e-05
1057,0.0006343479359983805,4.725827720525851e-05
1058,0.000633746957680991,4.7169837797045614e-05
1059,0.0006331282363035621,4.707406732149547e-05
1060,0.000632534498024956,4.698699959429967e-05
1061,0.0006319101348645292,4.689129667410973e-05
1062,0.0006313142908960112,4.680474362678134e-05
1063,0.0006306894986887744,4.6708300563710714e-05
1064,0.0006300978984709316,4.662323522289244e-05
1065,0.0006294696164217322,4.6526935114802874e-05
1066,0.0006288902127946783,4.6443011296360754e-05
1067,0.0006282630086833256,4.634666904765151e-05
1068,0.0006276876732233451,4.62638075266524e-05
1069,0.0006270603787998695,4.6166212657808414e-05
1070,0.0006264673477167508,4.608265817298311e-05
1071,0.0006258272308466343,4.598325588589576e-05
1072,0.0006252330485055389,4.590009041689097e-05
1073,0.000624576105826682,4.580151062725266e-05
1074,0.000623997394984927,4.572051675567417e-05
1075,0.000623343160033211,4.562107398163795e-05
1076,0.0006227577631174032,4.5542273551941175e-05
1077,0.000622122187170761,4.5443656858932235e-05
1078,0.0006215442944836747,4.536547286143635e-05
1079,0.0006208812488731479,4.526418383499227e-05
1080,0.0006203185427041157,4.5186182451779946e-05
1081,0.0006196490617062344,4.50841027278472e-05
1082,0.0006190804878414375,4.5006373872279384e-05
1083,0.0006184237281277239,4.490307337314982e-05
1084,0.0006178458953417645,4.482688305100342e-05
1085,0.0006171868103063843,4.472419046886741e-05
1086,0.0006166219928933505,4.4648135126187736e-05
1087,0.0006159524414364498,4.4545631439592875e-05
1088,0.0006154007444403031,4.447124047826797e-05
1089,0.0006147387719823643,4.436961582126339e-05
1090,0.0006141811230363265,4.4295322215800396e-05
1091,0.0006135310530073696,4.4194804940943636e-05
1092,0.0006129805108985782,4.41218287849749e-05
1093,0.0006123322165723164,4.4022370983028734e-05
1094,0.0006117865003745941,4.3949916003715786e-05
1095,0.000611144602137257,4.38513690843496e-05
1096,0.0006106070429854846,4.37800957621675e-05
1097,0.0006099662301386683,4.3682924962568465e-05
1098,0.0006094338946531831,4.3611482224024465e-05
1099,0.0006087967740782698,4.3515227893370305e-05
1100,0.0006082628596283121,4.344437597138681e-05
1101,0.0006076402911114504,4.3349204817020184e-05
1102,0.0006071035610077711,4.327941665872762e-05
1103,0.0006064881593547845,4.318589427256984e-05
1104,0.0006059712672041092,4.311662584702008e-05
1105,0.0006053438088669493,4.302448424360449e-05
1106,0.0006048389786957167,4.2955812131319386e-05
1107,0.0006042160396333599,4.2864116267298735e-05
1108,0.0006036823444798969,4.279449490309477e-05
1109,0.0006030662679744451,4.2703193650743e-05
1110,0.0006025284480530394,4.263399566081336e-05
1111,0.0006019122959548862,4.254305889684085e-05
1112,0.0006013886872118148,4.247435579184984e-05
1113,0.0006007649104972363,4.23839593390699e-05
1114,0.000600245886889442,4.23158183552707e-05
1115,0.0005996284731638466,4.222550244762926e-05
1116,0.0005990974436989116,4.215717582056286e-05
1117,0.00059848819490978,4.206810124514863e-05
1118,0.0005979633822953955,4.199987487090387e-05
1119,0.0005973589629027575,4.1911212569102076e-05
1120,0.0005968286936066158,4.184294477879774e-05
1121,0.0005962307164536631,4.1754745303920204e-05
1122,0.0005957148083545769,4.1687448973250324e-05
1123,0.0005951074154370561,4.1600585328013e-05
1124,0.0005946058084664802,4.153396388973426e-05
1125,0.0005939969338989157,4.144603647562747e-05
1126,0.0005934786933006689,4.137927604913784e-05
1127,0.0005928837828527573,4.129072951756616e-05
1128,0.0005923537422149408,4.122384975578006e-05
1129,0.0005917572309228573,4.113572408965017e-05
1130,0.0005912450714235055,4.106875585774458e-05
1131,0.0005906371159805493,4.0981387498882936e-05
1132,0.0005901447364631732,4.0915225705767136e-05
1133,0.0005895404139158207,4.082750053681214e-05
1134,0.0005890345177297663,4.076185454202484e-05
1135,0.0005884446761926856,4.067469018591221e-05
1136,0.000587942192222698,4.0609521780101226e-05
1137,0.0005873497958262445,4.052275294114808e-05
1138,0.0005868473281417226,4.045768267152473e-05
1139,0.0005862516920999763,4.037096784711257e-05
1140,0.0005857552250996344,4.030715160099039e-05
1141,0.0005851653367501935,4.0221823300633173e-05
1142,0.0005846696163054861,4.015856005807735e-05
1143,0.0005840848657539773,4.007390635452481e-05
1144,0.000583584391677294,4.001105768927597e-05
1145,0.0005830054360311542,3.992569053666587e-05
1146,0.0005824968073906258,3.9863519547091724e-05
1147,0.000581915147806371,3.977868266832056e-05
1148,0.0005814270932636596,3.9717132082275855e-05
1149,0.0005808275150110525,3.9632109624261535e-05
1150,0.00058035154050177,3.9571972313911816e-05
1151,0.0005797659145726052,3.9486732240990127e-05
1152,0.0005792708227300612,3.9427393425573736e-05
1153,0.0005786917606881753,3.934251598077749e-05
1154,0.000578210550139949,3.92840607880509e-05
1155,0.0005776232475752823,3.9199585410159335e-05
1156,0.0005771620339683958,3.914249432386935e-05
1157,0.0005765748774850708,3.905855909624811e-05
1158,0.0005761129765108347,3.900195949922589e-05
1159,0.0005755410734451848,3.891946521965484e-05
1160,0.0005750612800882902,3.886153736734752e-05
1161,0.0005745019735608303,3.8781675832858617e-05
1162,0.0005740075862467999,3.872123083752528e-05
1163,0.0005734648079106604,3.864473502178729e-05
1164,0.0005729533386241419,3.8579818161665964e-05
1165,0.0005724240481603316,3.8508141652594505e-05
1166,0.0005719014468101702,3.843764075201057e-05
1167,0.0005713904136015672,3.8371616771762436e-05
1168,0.0005708383476632792,3.829570924897611e-05
1169,0.0005703598118282101,3.8235089898525956e-05
1170,0.0005697828150217131,3.815499566618621e-05
1171,0.0005693241103425298,3.809855484384254e-05
1172,0.0005687491860401653,3.8015029465626324e-05
1173,0.0005682820041274618,3.796021019711745e-05
1174,0.0005677182666817741,3.787716769803451e-05
1175,0.0005672468332318941,3.7820542680407556e-05
1176,0.0005666872655452124,3.7741388356923575e-05
1177,0.0005662050430929662,3.7679485578460405e-05
1178,0.0005656716379473776,3.760694226685229e-05
1179,0.0005651547739672295,3.7537328406298984e-05
1180,0.0005646615913255074,3.747237365740137e-05
1181,0.0005641105335003028,3.739540174806227e-05
1182,0.0005636512626325776,3.733806058108982e-05
1183,0.0005630947676356148,3.725715480158196e-05
1184,0.0005626660431567762,3.720513631958374e-05
1185,0.0005621244015767958,3.7124998598225844e-05
1186,0.0005616593368943645,3.7068897467454836e-05
1187,0.0005610742047112903,3.698673941627624e-05
1188,0.0005605671489556937,3.692397719516411e-05
1189,0.0005600575929568508,3.685389777043444e-05
1190,0.0005595487656411143,3.678580520646593e-05
1191,0.0005590772885785992,3.672655572467324e-05
1192,0.0005585497049319611,3.66516059986064e-05
1193,0.0005581101351129732,3.659979805671477e-05
1194,0.0005575599957482476,3.652172066982625e-05
1195,0.0005571360948154563,3.647265674231243e-05
1196,0.0005565927640870161,3.639593051324174e-05
1197,0.0005561537747425444,3.634409228043601e-05
1198,0.0005556471724476197,3.6274150585532656e-05
1199,0.0005551796134029121,3.6214538031119456e-05
1200,0.0005547065547616953,3.615444734486954e-05
1201,0.0005542107457011358,3.6087708274150526e-05
1202,0.0005537801125725135,3.603637980907877e-05
1203,0.0005532586242434844,3.596486105440137e-05
1204,0.0005528531026001038,3.591883297439394e-05
1205,0.0005523405117274794,3.584664476393694e-05
1206,0.0005519287090093879,3.579994590091669e-05
1207,0.0005514356561089774,3.573049753826028e-05
1208,0.0005509989723369907,3.567767975918071e-05
1209,0.0005505319963091821,3.561624746178872e-05
1210,0.0005500759420108357,3.5556816833327895e-05
1211,0.0005496462241804219,3.550439179649267e-05
1212,0.0005491533445356842,3.543750019362186e-05
1213,0.0005487436570034875,3.538977794018166e-05
1214,0.0005482247771455593,3.531736547794003e-05
1215,0.0005478134513533957,3.527096976133843e-05
1216,0.0005472990720331496,3.5198263718016484e-05
1217,0.0005468713274758192,3.514871470407092e-05
1218,0.0005463785327510739,3.5081243697968874e-05
1219,0.000545925228990506,3.5024410330009807e-05
1220,0.0005454586310487102,3.4964809110696356e-05
1221,0.0005449685954835211,3.489996947199572e-05
1222,0.0005445383660499969,3.4847793520037426e-05
1223,0.0005440263467025128,3.477685419306447e-05
1224,0.0005436133467925776,3.4729576688121694e-05
1225,0.0005431006672214148,3.4656546962131865e-05
1226,0.0005426886327666847,3.4609464743350385e-05
1227,0.0005421818450165711,3.4539191849067424e-05
1228,0.0005417441956638001,3.448702899974715e-05
1229,0.0005412594851976016,3.44235188404924e-05
1230,0.0005407904236950949,3.436365659791996e-05
1231,0.0005403488815115361,3.4308375389691395e-05
1232,0.0005398568108719022,3.424158750293418e-05
1233,0.0005394314218642901,3.419064831258404e-05
1234,0.000538914145327665,3.411744503658218e-05
1235,0.000538510294002534,3.407252283656417e-05
1236,0.0005379977865714225,3.4001292915705846e-05
1237,0.0005375794041785326,3.395371289597544e-05
1238,0.0005370809945924046,3.388667863978965e-05
1239,0.000536632881110112,3.383132353353043e-05
1240,0.0005361746504659055,3.3772165340919885e-05
1241,0.0005356931316131179,3.370878258570541e-05
1242,0.0005352728931914534,3.3658061675519565e-05
1243,0.000534768753626285,3.358845554045621e-05
1244,0.0005343670033592479,3.354334284992049e-05
1245,0.0005338538543987986,3.347168045225409e-05
1246,0.0005334510580989113,3.342718780872829e-05
1247,0.0005329588306958079,3.3359769698659365e-05
1248,0.0005325466865278907,3.331041929925336e-05
1249,0.000532092997840145,3.325116330615072e-05
1250,0.0005316435352672252,3.31939074770526e-05
1251,0.0005312267736993958,3.31435660397444e-05
1252,0.0005307405854405989,3.307893816434169e-05
1253,0.0005303480631484586,3.3035245897340966e-05
1254,0.000529848481613764,3.296669903813271e-05
1255,0.0005294618683552394,3.292520920696914e-05
1256,0.0005289769357432587,3.2858268179776694e-05
1257,0.0005285763184632539,3.2812645226668125e-05
1258,0.0005281147297162706,3.275241832627658e-05
1259,0.0005276751960755078,3.26983018297323e-05
1260,0.0005272529459890588,3.2646866351549025e-05
1261,0.0005267789846040107,3.258474751879514e-05
1262,0.000526393013758026,3.2540960998827793e-05
1263,0.0005259013150342283,3.247399380803544e-05
1264,0.0005255191749135317,3.24334302399374e-05
1265,0.0005250359979549141,3.236695085839879e-05
1266,0.0005246447488975136,3.232376258900882e-05
1267,0.00052418693730444,3.226411259911489e-05
1268,0.0005237634422331865,3.2213033691883266e-05
1269,0.0005233368807729791,3.216230197698809e-05
1270,0.0005228725829082478,3.210266219030869e-05
1271,0.00052248923940453,3.205970122230298e-05
1272,0.0005219971744985415,3.1994314917292065e-05
1273,0.0005216296568970622,3.195493149053107e-05
1274,0.0005211473935443305,3.1889546411312395e-05
1275,0.000520758578354831,3.1847478857876496e-05
1276,0.0005203075826146328,3.178856090346083e-05
1277,0.0005198847579500382,3.17380595427136e-05
1278,0.0005194711763789603,3.168882516520496e-05
1279,0.0005190135767941086,3.16298318349417e-05
1280,0.0005186398685648718,3.158821552339871e-05
1281,0.0005181531500964684,3.1523620777314023e-05
1282,0.0005177864985003656,3.1484892093623486e-05
1283,0.0005173143336833337,3.142104391244609e-05
1284,0.0005169201388263314,3.1378793945938734e-05
1285,0.0005164848028445973,3.1322325239685494e-05
1286,0.000516055588924044,3.1271558929767614e-05
1287,0.0005156598278089133,3.122489743150433e-05
1288,0.0005152031871781574,3.116592502876758e-05
1289,0.0005148373964895962,3.112644097720862e-05
1290,0.000514367495440967,3.1063251035546616e-05
1291,0.0005140056922759047,3.1025497816835736e-05
1292,0.0005135538963039158,3.096512042526702e-05
1293,0.0005131693389978072,3.092298951699366e-05
1294,0.0005127625436427706,3.087089097449803e-05
1295,0.0005123349300910708,3.0819558987775614e-05
1296,0.000511961755692402,3.07764564079696e-05
1297,0.0005115112236101324,3.0717144710394564e-05
1298,0.0005111576457443508,3.0679964100888914e-05
1299,0.000510701493622452,3.0618028980410334e-05
1300,0.0005103445537170071,3.0580654527305546e-05
1301,0.0005099118703156719,3.052376936581093e-05
1302,0.0005095243320673621,3.047976945500491e-05
1303,0.0005091370293940364,3.043203390052869e-05
1304,0.0005087102878152255,3.0378519991979413e-05
1305,0.0005083561788880293,3.0338894620273895e-05
1306,0.0005079018262231362,3.0278739435718117e-05
1307,0.0005075579008606883,3.0242665774937428e-05
1308,0.0005071090078913129,3.018234831778333e-05
1309,0.0005067389310764446,3.0142963963272818e-05
1310,0.0005063230483023411,3.0089373736148155e-05
1311,0.0005059132530284774,3.0040821870223967e-05
1312,0.000505535389610266,2.99964553513096e-05
1313,0.0005050937605240374,2.9939146926143224e-05
1314,0.0005047450155430876,2.9901535538379787e-05
1315,0.0005042852570964259,2.983991166036042e-05
1316,0.0005039329070782446,2.9802635506215625e-05
1317,0.0005034958151955125,2.974446390207512e-05
1318,0.0005031107803142101,2.9701202461951774e-05
1319,0.0005027242968143736,2.9651928316623345e-05
1320,0.0005022967263281614,2.959882602090652e-05
1321,0.0005019410883061078,2.9558189835630262e-05
1322,0.0005014907385307994,2.949828701012286e-05
1323,0.0005011445382802962,2.946180231058655e-05
1324,0.000500699430814698,2.9400827913321226e-05
1325,0.0005003189152023897,2.9359257092660523e-05
1326,0.0004998961944265296,2.9304064336675435e-05
1327,0.0004994841395718031,2.9252394469865634e-05
1328,0.0004991090749193238,2.920657268432825e-05
1329,0.0004986486585874335,2.9146492332681888e-05
1330,0.000498295839319148,2.910743291074031e-05
1331,0.0004978290408390284,2.9044990722558518e-05
1332,0.0004974600073411603,2.900634487348927e-05
1333,0.0004970360929402341,2.895111192776137e-05
1334,0.0004966342585548372,2.890615990876925e-05
1335,0.0004962601787830531,2.8862040939889417e-05
1336,0.0004958252269572275,2.8808216670485677e-05
1337,0.000495480802155754,2.8772598821546225e-05
1338,0.000495039781208728,2.871468351373756e-05
1339,0.0004946965346312926,2.8680679496174578e-05
1340,0.0004942749160331147,2.8626384912755603e-05
1341,0.0004939058600885364,2.8586747692853283e-05
1342,0.0004935352533951023,2.8542116043878525e-05
1343,0.0004931245065955066,2.849273771186822e-05
1344,0.000492789427162029,2.8456269423260682e-05
1345,0.000492364878683627,2.840104556310648e-05
1346,0.0004920427148950232,2.836791925205176e-05
1347,0.0004916259343166462,2.831185079740794e-05
1348,0.0004912750560906489,2.8274533424975195e-05
1349,0.0004909025754936524,2.8225938875020746e-05
1350,0.0004905184313604395,2.8179482383885483e-05
1351,0.0004901708199436935,2.813684550085478e-05
1352,0.0004897435389149245,2.80791102409333e-05
1353,0.0004894110494035853,2.804107292617565e-05
1354,0.0004889817959336711,2.7981931932563192e-05
1355,0.0004886475091428328,2.794607814384254e-05
1356,0.00048825588699417493,2.789394463369509e-05
1357,0.00048789318403667006,2.78535101912943e-05
1358,0.00048754917658898984,2.781153942202647e-05
1359,0.000487158147073902,2.776392133195863e-05
1360,0.0004868566538939471,2.773196272236536e-05
1361,0.00048644781668725806,2.767888225443213e-05
1362,0.00048614573226359487,2.764885134530037e-05
1363,0.00048574478059554684,2.7596522404497642e-05
1364,0.00048541429746184,2.756177831895753e-05
1365,0.000485055709464193,2.7517632269051457e-05
1366,0.0004846767396327269,2.7472822971996215e-05
1367,0.00048436153961314724,2.7437940903804148e-05
1368,0.0004839455581339233,2.738492357686555e-05
1369,0.00048364881015468015,2.7355129533064333e-05
1370,0.00048323157356623166,2.730087939652413e-05
1371,0.00048291256356434325,2.7268658655253335e-05
1372,0.000482541265004979,2.7222528054061467e-05
1373,0.0004821791114556754,2.7181572041922643e-05
1374,0.0004818559425868459,2.714588722585344e-05
1375,0.0004814541535887326,2.709559824970505e-05
1376,0.0004811588390543826,2.7067141700938608e-05
1377,0.0004807487476441013,2.701377909670335e-05
1378,0.0004804448936409956,2.698456945756848e-05
1379,0.00048006158679793023,2.6937293315213396e-05
1380,0.00047971926719949753,2.6900246843468944e-05
1381,0.00047938401333928206,2.6863303278798434e-05
1382,0.0004789999317972786,2.6816653604416617e-05
1383,0.0004787065709025519,2.678781308913492e-05
1384,0.00047829660146854594,2.6735963788441928e-05
1385,0.0004780116081373791,2.6709230491862997e-05
1386,0.00047762283030703474,2.6660615474414244e-05
1387,0.00047730048646152,2.6627679958103133e-05
1388,0.00047696147398742654,2.6588687843319964e-05
1389,0.0004765921852078468,2.6545679572003438e-05
1390,0.00047629219100241664,2.6515074904130925e-05
1391,0.0004758911391873903,2.6464663003448176e-05
1392,0.00047560965297376343,2.643851631649238e-05
1393,0.00047521475201854917,2.6388165578781587e-05
1394,0.00047491454983508675,2.6358953190580415e-05
1395,0.00047456348040447624,2.6316448880072496e-05
1396,0.00047421763055768596,2.6277798257258427e-05
1397,0.0004739127850185339,2.624476892194606e-05
1398,0.00047352918692059173,2.619759513830095e-05
1399,0.0004732531800174067,2.6171357254139277e-05
1400,0.00047285744244805674,2.612052224129824e-05
1401,0.0004725775543425271,2.60947197818599e-05
1402,0.00047220900067898965,2.604864505275391e-05
1403,0.0004718913489235006,2.6015810104120285e-05
1404,0.00047157138309849065,2.5979305827636466e-05
1405,0.0004712059184710564,2.5936238278781116e-05
1406,0.0004709238308475392,2.5908515256368754e-05
1407,0.00047053038152856735,2.585884680004368e-05
1408,0.0004702583799261145,2.5834457915199378e-05
1409,0.00046987328870791217,2.5785925242928915e-05
1410,0.0004695787278123782,2.5757232866958817e-05
1411,0.00046923426244302143,2.5717033395541423e-05
1412,0.0004688937514684647,2.5678699228391388e-05
1413,0.00046859893244354005,2.564790244731383e-05
1414,0.00046821613923972514,2.560097218509097e-05
1415,0.00046795118797488574,2.5576521875668633e-05
1416,0.0004675569053409644,2.552731059292687e-05
1417,0.0004672883662111876,2.5502115514833563e-05
1418,0.00046692709959537135,2.545838272890756e-05
1419,0.0004666057609223544,2.542511374721303e-05
1420,0.0004662965556202016,2.539156728781104e-05
1421,0.0004659310377462406,2.5348802269145894e-05
1422,0.0004656630790529768,2.5323246616434835e-05
1423,0.0004652715785476409,2.527470895633459e-05
1424,0.0004650135664093191,2.5251907842476927e-05
1425,0.00046463951014587295,2.520543718725041e-05
1426,0.00046435060158655654,2.5177310357198186e-05
1427,0.000464023646807641,2.5139419308457572e-05
1428,0.0004636807688657443,2.5101459596000454e-05
1429,0.0004634017395661363,2.5073182374346255e-05
1430,0.000463019360217568,2.5026803330803843e-05
1431,0.0004627649502566537,2.5004025882418573e-05
1432,0.0004623794654367836,2.495576173940372e-05
1433,0.00046210991959532067,2.4931186850202864e-05
1434,0.0004617607358257579,2.4889265949141e-05
1435,0.00046144105556819505,2.485600555128521e-05
1436,0.00046114342003546324,2.482401438781246e-05
1437,0.0004607749743262143,2.4781160734979585e-05
1438,0.0004605162519999548,2.4756919558009556e-05
1439,0.00046012812161697915,2.4708782451575907e-05
1440,0.00045986807836713125,2.468628594600614e-05
1441,0.00045950369324979974,2.4641249628970835e-05
1442,0.00045920384832591477,2.4612427984781594e-05
1443,0.00045888642633840293,2.4576573278643066e-05
1444,0.0004585348418237252,2.453745959931897e-05
1445,0.00045826153524142226,2.451088909963693e-05
1446,0.00045787742824434936,2.4464033441755273e-05
1447,0.00045762082010432044,2.444195318696322e-05
1448,0.0004572425905246801,2.4394866713601703e-05
1449,0.0004569604136236,2.4369494124283638e-05
1450,0.0004566247771452535,2.433008855362442e-05
1451,0.00045629260821035373,2.429497993033551e-05
1452,0.0004560055811981081,2.4265659338399422e-05
1453,0.0004556315758784077,2.4221459215579605e-05
1454,0.00045537341921997017,2.4198995929590507e-05
1455,0.00045499102705161114,2.4151419192694045e-05
1456,0.0004547248216832391,2.412891401051318e-05
1457,0.00045437477042215165,2.4086863619217666e-05
1458,0.00045406616383543354,2.4056431178266114e-05
1459,0.00045376818437367953,2.4024321640824057e-05
1460,0.0004534085718988135,2.3983787069211533e-05
1461,0.00045314958853324755,2.396019027698578e-05
1462,0.0004527686370670163,2.3913448144645545e-05
1463,0.0004525117546389768,2.389237694786405e-05
1464,0.00045215057137279756,2.384800758425836e-05
1465,0.00045186087363661634,2.3821345425015527e-05
1466,0.0004515492411257925,2.3786020550764956e-05
1467,0.0004512051409716216,2.3749054940595695e-05
1468,0.0004509399498836184,2.372324852960996e-05
1469,0.0004505608598636128,2.3678309303377977e-05
1470,0.00045031249156537534,2.3657369018566495e-05
1471,0.00044993768189715715,2.3611788446711506e-05
1472,0.00044966790427469235,2.3587952324972224e-05
1473,0.00044933814246936386,2.355001521012699e-05
1474,0.0004490133896210901,2.351656299065567e-05
1475,0.0004487329271556483,2.3488310146635593e-05
1476,0.0004483632059738247,2.3445788711882954e-05
1477,0.00044811415151014,2.3424150631599473e-05
1478,0.0004477320689806037,2.3378518003639625e-05
1479,0.00044747006009221674,2.335627038467411e-05
1480,0.00044712030947715686,2.3316276689489752e-05
1481,0.00044680891842251847,2.3285704153082998e-05
1482,0.00044651330114252037,2.3255275803287337e-05
1483,0.0004461511586890444,2.321504649991253e-05
1484,0.00044589100024926054,2.319203027501593e-05
1485,0.000445508158152301,2.3146979633044825e-05
1486,0.0004452521256442343,2.312519309069271e-05
1487,0.00044489140455091907,2.3083932959223706e-05
1488,0.0004445992091474351,2.3055500822253245e-05
1489,0.00044429131980197416,2.3023578651944394e-05
1490,0.000443947020389536,2.2985301319588195e-05
1491,0.000443683306783311,2.296159349035678e-05
1492,0.0004433092724766606,2.2917349308041704e-05
1493,0.0004430582130019453,2.289605893580684e-05
1494,0.0004426994719373198,2.2854408896290405e-05
1495,0.00044241694475538005,2.2827102705015262e-05
1496,0.000442108451052355,2.2794793024501128e-05
1497,0.00044177188695031927,2.2757116302623445e-05
1498,0.0004415068258788186,2.2733592297228083e-05
1499,0.0004411399632196731,2.268924283543649e-05
1500,0.00044088679766549505,2.2668597228424478e-05
1501,0.00044053483172016905,2.262701246214229e-05
1502,0.0004402505258398479,2.2600032814308048e-05
1503,0.00043994982204094917,2.2568333870469914e-05
1504,0.00043961003317836734,2.253051544970596e-05
1505,0.0004393520303133858,2.2507758124643954e-05
1506,0.00043898010276017987,2.2463490860851824e-05
1507,0.00043873254453732403,2.2443650505219083e-05
1508,0.0004383810927927979,2.2401920552031607e-05
1509,0.0004380958897974052,2.237587100415053e-05
1510,0.0004377952309248499,2.2343596919243773e-05
1511,0.0004374620846677381,2.2307496420384866e-05
1512,0.0004372001710032066,2.2283579434429498e-05
1513,0.0004368379643680818,2.224089255714163e-05
1514,0.0004365998300861344,2.2221167408500995e-05
1515,0.00043624839538239276,2.217956704158333e-05
1516,0.0004359836918207879,2.2156052571462963e-05
1517,0.00043567954016624465,2.2122448432107544e-05
1518,0.00043536554486617687,2.2089813274977695e-05
1519,0.00043510518574148857,2.206485676899828e-05
1520,0.00043475800253088944,2.202509217412012e-05
1521,0.0004345215169066605,2.2005058749726818e-05
1522,0.00043416663848909687,2.196360714344409e-05
1523,0.00043391879867563034,2.194203808493597e-05
1524,0.00043359679741425205,2.1906320014769096e-05
1525,0.00043331287566103195,2.1877477407187622e-05
1526,0.0004330351682176768,2.1850264161266008e-05
1527,0.00043271161885719163,2.1813767453802066e-05
1528,0.00043246436341260396,2.1792866696670667e-05
1529,0.0004321236855294228,2.1752644560718016e-05
1530,0.0004318802595481879,2.1733211406797274e-05
1531,0.0004315555280500848,2.1695396267550557e-05
1532,0.00043128664328097093,2.167138972885795e-05
1533,0.00043099876896026795,2.164079546614292e-05
1534,0.00043069069011917406,2.16088325076655e-05
1535,0.0004304382468741479,2.1585556643223893e-05
1536,0.00043010195321166824,2.154736311317941e-05
1537,0.00042986875897485434,2.152842340541404e-05
1538,0.0004295299492259657,2.1488437538052127e-05
1539,0.00042928929598370485,2.1468754997717318e-05
1540,0.0004289732919053751,2.1432669422905577e-05
1541,0.00042869623868315034,2.140703281701797e-05
1542,0.00042841998757363103,2.1378240543728034e-05
1543,0.0004281057404471773,2.134507335761614e-05
1544,0.00042786295722563344,2.1322739841946486e-05
1545,0.0004275279502690092,2.128410442194525e-05
1546,0.00042730135746589504,2.1265150318898693e-05
1547,0.00042697072412610986,2.122609559680374e-05
1548,0.0004267373953016463,2.1205828915122364e-05
1549,0.0004264302519545933,2.117116940228162e-05
1550,0.0004261305405808828,2.114345151234597e-05
1551,0.0004258290671735221,2.1113896685945428e-05
1552,0.00042549522780355577,2.107949875818696e-05
1553,0.0004252387317922617,2.1056550916250888e-05
1554,0.00042490087943235054,2.101893743541919e-05
1555,0.0004246660420225776,2.099939500449222e-05
1556,0.0004243384198816772,2.0962449773136622e-05
1557,0.0004240952090532298,2.0941413134189973e-05
1558,0.0004237947004427161,2.0909272706707706e-05
1559,0.0004235211683325586,2.0882602685469166e-05
1560,0.0004232530124489819,2.0856453984906127e-05
1561,0.0004229513777843218,2.0824267464745382e-05
1562,0.00042269595433064663,2.080112456231294e-05
1563,0.0004223956093700397,2.0768795792959028e-05
1564,0.00042211508484783485,2.074188532849624e-05
1565,0.0004218404320518106,2.0715132005274876e-05
1566,0.00042155663272313556,2.06864460608996e-05
1567,0.0004212776886481562,2.0659008108999068e-05
1568,0.0004209982152163289,2.0631131044368404e-05
1569,0.0004207205869128173,2.0604028516976406e-05
1570,0.00042044135324682797,2.0576302865727453e-05
1571,0.00042016178849573757,2.0549178193390456e-05
1572,0.00041988490030846914,2.0521495933153057e-05
1573,0.0004196045393147612,2.0494261385909784e-05
1574,0.0004193288880767996,2.0466795913623366e-05
1575,0.0004190492283316786,2.0439538190706148e-05
1576,0.00041877432310818144,2.0412339923156538e-05
1577,0.0004184946285664869,2.0385025751884354e-05
1578,0.0004182211374457091,2.0358048403557442e-05
1579,0.0004179403744915512,2.0330640352169087e-05
1580,0.0004176658424542752,2.0303878724915594e-05
1581,0.0004173880700566156,2.027661019036751e-05
1582,0.0004171152482074323,2.0250075280599765e-05
1583,0.0004168410328998924,2.0222923764457882e-05
1584,0.0004165685764990805,2.0196485024720305e-05
1585,0.0004162948393052555,2.0169459865909444e-05
1586,0.00041602005544063534,2.0143110597805464e-05
1587,0.00041574771492471524,2.0116306276147078e-05
1588,0.00041547533136984633,2.0090014386657737e-05
1589,0.00041520635986819947,2.006336375061233e-05
1590,0.0004149332085810829,2.0037072636088203e-05
1591,0.00041466485751075216,2.0010628545068803e-05
1592,0.00041439201431691324,1.9984245584566748e-05
1593,0.00041412520923438947,1.995784095799613e-05
1594,0.00041385227170297797,1.9931313676958356e-05
1595,0.0004135851140993904,1.9905017247740752e-05
1596,0.0004133121521999936,1.987846411891984e-05
1597,0.0004130447874507178,1.9852257111646588e-05
1598,0.0004127727753178795,1.9825666390868638e-05
1599,0.0004125069242135267,1.9799486497021763e-05
1600,0.00041223633444192897,1.977286615373735e-05
1601,0.0004119691635395834,1.974672533531949e-05
1602,0.0004116981781103833,1.9720086245907396e-05
1603,0.0004114331538976728,1.9694057879006534e-05
1604,0.0004111629022327934,1.9667512228392047e-05
1605,0.0004108960989200735,1.964154048682168e-05
1606,0.0004106279131002122,1.961506781436823e-05
1607,0.0004103603928527428,1.958904434373466e-05
1608,0.0004100916444533315,1.9562497317045706e-05
1609,0.00040982302052300443,1.9536326787362697e-05
1610,0.00040955475361394817,1.9509912713595782e-05
1611,0.00040928633335451334,1.9483756722210795e-05
1612,0.00040901949847020223,1.9457534914763302e-05
1613,0.000408751252435399,1.9431331996649547e-05
1614,0.00040848609651403906,1.940526348601767e-05
1615,0.00040821670896612694,1.9379033535374254e-05
1616,0.0004079525277973961,1.935310981558994e-05
1617,0.00040768594313099157,1.9326958860463463e-05
1618,0.0004074239974757978,1.9301411340528236e-05
1619,0.00040716083559050943,1.927556558056561e-05
1620,0.0004068978387390621,1.924990027433559e-05
1621,0.00040663530756861367,1.9224256352936682e-05
1622,0.0004063724012603449,1.919836181572081e-05
1623,0.0004061103243304215,1.9172745870845175e-05
1624,0.00040584495698418524,1.9146711260327466e-05
1625,0.00040558149298347833,1.9120903473736115e-05
1626,0.0004053188274687007,1.9095267564612237e-05
1627,0.0004050556617189617,1.906941931508974e-05
1628,0.000404797543720714,1.904414764148347e-05
1629,0.0004045327240007169,1.9018264156374437e-05
1630,0.0004042743253015148,1.8992896465703527e-05
1631,0.0004040162176448561,1.8967322976590337e-05
1632,0.0004037553630418292,1.8941851032002353e-05
1633,0.00040350219390792094,1.8916574980717183e-05
1634,0.00040324138657094017,1.889110740677184e-05
1635,0.00040298786864169606,1.8866133014120662e-05
1636,0.00040273432010300007,1.8840746664920796e-05
1637,0.00040247213455744013,1.8815164635395454e-05
1638,0.0004022053200081343,1.8788187928045857e-05
1639,0.000401928890754371,1.8760938850540205e-05
1640,0.000401650207258643,1.8733263667791e-05
1641,0.0004013762393041632,1.8705770123611985e-05
1642,0.00040109937831023484,1.8678477187504832e-05
1643,0.0004008185594856827,1.8651168032025002e-05
1644,0.00040054388591401587,1.8624095848899886e-05
1645,0.00040027154973615753,1.8597346714864286e-05
1646,0.0004000186439301828,1.857213247913944e-05
1647,0.0003997677912787812,1.854706551273462e-05
1648,0.0003995081277753134,1.8522434015712035e-05
1649,0.00039925453468318904,1.849727911590485e-05
1650,0.00039899618040474386,1.8472393131872388e-05
1651,0.0003987376862738485,1.8447447935530703e-05
1652,0.00039848523820533297,1.842253638079867e-05
1653,0.00039822762606121515,1.8397892471271053e-05
1654,0.0003979700540500836,1.8372984452238556e-05
1655,0.0003977195906308837,1.8348468910602026e-05
1656,0.00039745940765529387,1.832367498520254e-05
1657,0.00039720390131674395,1.8299267168149673e-05
1658,0.00039695205518137906,1.8274764492046143e-05
1659,0.0003966916040286089,1.8250390214744563e-05
1660,0.0003964388886630719,1.8226098564382633e-05
1661,0.0003961834276562489,1.82016725856429e-05
1662,0.00039592330436585344,1.8177323913404093e-05
1663,0.0003956724974870168,1.815287597515833e-05
1664,0.00039541495279138845,1.8128689583132573e-05
1665,0.00039515558077098947,1.810434165688164e-05
1666,0.00039490286067753313,1.808007011542907e-05
1667,0.0003946404516747498,1.8055779521939646e-05
1668,0.0003943842214981305,1.8031498293753462e-05
1669,0.00039413222064288954,1.800732596100628e-05
1670,0.0003938701534910588,1.7982888192890104e-05
1671,0.0003936156698163683,1.7958712805093623e-05
1672,0.0003933596410392959,1.7934535313252467e-05
1673,0.0003931035149669702,1.7910595740741013e-05
1674,0.00039285505979039194,1.7886803410570433e-05
1675,0.00039260012541193166,1.7862875342117813e-05
1676,0.0003923459586255669,1.7839223901325245e-05
1677,0.00039209737743604053,1.7815492132516865e-05
1678,0.0003918437506209734,1.7791868569061102e-05
1679,0.0003915935572465332,1.776839917795866e-05
1680,0.00039134616223267867,1.774482869454676e-05
1681,0.00039109098901063193,1.7721252733719276e-05
1682,0.0003908405330780828,1.769755079605876e-05
1683,0.0003905884389029184,1.7673723378471827e-05
1684,0.00039033033584778457,1.764980492471337e-05
1685,0.0003900806263911604,1.7625995004188795e-05
1686,0.0003898260317990928,1.7602224165511777e-05
1687,0.000389570446804741,1.75784869878078e-05
1688,0.0003893220474337553,1.755481559796585e-05
1689,0.00038906807995526383,1.7531297219753236e-05
1690,0.00038881800690858354,1.7507939435633553e-05
1691,0.00038857244214954707,1.7484561905230005e-05
1692,0.0003883210907220477,1.7461360896803613e-05
1693,0.00038807680213335074,1.7438151701575257e-05
1694,0.0003878297723321592,1.7414858897696895e-05
1695,0.0003875784749243539,1.7391792891886984e-05
1696,0.00038733825012054134,1.736874904151994e-05
1697,0.00038709035167815647,1.734567003165276e-05
1698,0.0003868442313354546,1.732283542414359e-05
1699,0.0003866047143476931,1.7300023483064618e-05
1700,0.0003863558553153993,1.7277227617289092e-05
1701,0.00038611649191664987,1.725468414870932e-05
1702,0.0003858775525526447,1.7232129275643555e-05
1703,0.00038563058793181985,1.7209587706871735e-05
1704,0.00038539265898683247,1.718723408479518e-05
1705,0.0003851518707856654,1.7164849040982177e-05
1706,0.0003849112298073366,1.7142541957812595e-05
1707,0.0003846763608766841,1.7120376205321803e-05
1708,0.00038443411019070775,1.709821142944979e-05
1709,0.00038419344479993003,1.7076147989527683e-05
1710,0.00038395956680332017,1.7054320208681524e-05
1711,0.0003837210145617263,1.7032540312974486e-05
1712,0.00038348960142005464,1.7010905397867913e-05
1713,0.0003832593878771994,1.6989426836222325e-05
1714,0.0003830223902974776,1.696797016702763e-05
1715,0.0003827916724351911,1.6946518413303103e-05
1716,0.0003825585817529032,1.6925013324498438e-05
1717,0.0003823239934904683,1.6903648237121862e-05
1718,0.00038209489853083137,1.6882287542667203e-05
1719,0.00038186043355681364,1.6860911011639195e-05
1720,0.0003816296147440373,1.6839789323728702e-05
1721,0.00038140112881067715,1.6818491084120133e-05
1722,0.0003811656606057031,1.6797275903854663e-05
1723,0.0003809383525064719,1.6776326917642042e-05
1724,0.0003807098745743869,1.675529985709838e-05
1725,0.0003804789241264552,1.6734576885096526e-05
1726,0.0003802583408186706,1.6714021794088923e-05
1727,0.00038003148942672497,1.6693328742778477e-05
1728,0.00037980485613700376,1.6672807715024492e-05
1729,0.00037958464687179954,1.665230012052928e-05
1730,0.0003793566596887994,1.663171574185391e-05
1731,0.0003791329953347346,1.66113029673668e-05
1732,0.0003789113916891749,1.6590890979602928e-05
1733,0.00037868288000724777,1.6570472244587428e-05
1734,0.0003784632845750667,1.6550249267542258e-05
1735,0.00037824325895686783,1.6530021949172676e-05
1736,0.0003780179620987005,1.6509789083059067e-05
1737,0.00037780087020267323,1.6489664585952328e-05
1738,0.0003775778878385134,1.646948434446919e-05
1739,0.0003773570000483896,1.6449397752529228e-05
1740,0.00037714362452318,1.6429394520339688e-05
1741,0.00037692285978480766,1.6409365791022616e-05
1742,0.0003767074208635427,1.6389450204819678e-05
1743,0.0003764934243183449,1.6369614519973287e-05
1744,0.0003762740761521886,1.6349832502085544e-05
1745,0.0003760621551043658,1.6330146294487735e-05
1746,0.00037584850458687724,1.631056947739424e-05
1747,0.0003756339509256833,1.6291120905967337e-05
1748,0.00037542578335699015,1.6271821850815112e-05
1749,0.00037521441113857497,1.6252799427272508e-05
1750,0.0003750068147700151,1.6233852243169657e-05
1751,0.00037480191166879804,1.6214722825524584e-05
1752,0.00037459043691698437,1.6195627426880836e-05
1753,0.0003743852824251073,1.6176589123612004e-05
1754,0.00037417737034059977,1.615739806868556e-05
1755,0.0003739648350188481,1.613818126126706e-05
1756,0.00037375864352704656,1.6118902005840537e-05
1757,0.0003735446722477988,1.609941611861711e-05
1758,0.0003733317457377152,1.6079998107006302e-05
1759,0.000373121646523975,1.606036145185194e-05
1760,0.00037290184133253497,1.6040383413582552e-05
1761,0.00037268510322402843,1.6020386908502703e-05
1762,0.00037246885902220963,1.600028020988245e-05
1763,0.00037224852883975307,1.598019137942271e-05
1764,0.00037203689803134364,1.596025876816631e-05
1765,0.0003718216972251511,1.5940348428372363e-05
1766,0.0003716059140186216,1.5920726123636052e-05
1767,0.0003713962246707682,1.590136432242861e-05
1768,0.0003711819429876898,1.5882087401641495e-05
1769,0.00037097312058538746,1.5863021830652822e-05
1770,0.0003707665390975968,1.5844118840710838e-05
1771,0.00037055555018474266,1.582535798640255e-05
1772,0.0003703516259312881,1.5806787340638915e-05
1773,0.0003701452049310632,1.5788319539154866e-05
1774,0.0003699379915724226,1.576996347864625e-05
1775,0.0003697368977443127,1.5751659975566136e-05
1776,0.0003695297747915573,1.5733380547981517e-05
1777,0.000369325461317091,1.5715203725264297e-05
1778,0.0003691237092305848,1.5697074269125327e-05
1779,0.0003689158238394192,1.567900975179168e-05
1780,0.0003687143952368928,1.5660958723221687e-05
1781,0.00036850997877177803,1.5642818109638916e-05
1782,0.0003683019641233678,1.562477582806965e-05
1783,0.00036809944893875264,1.5606665362709244e-05
1784,0.00036789065123154374,1.558845343917483e-05
1785,0.00036768203821021823,1.557026252622832e-05
1786,0.00036747818879312834,1.5551996583686272e-05
1787,0.00036726806543055894,1.5533828108051924e-05
1788,0.0003670635435492397,1.5515792195786983e-05
1789,0.00036685989381533493,1.5497649057171017e-05
1790,0.00036664863244208255,1.5479563759056628e-05
1791,0.00036644487476669864,1.5461561375984872e-05
1792,0.00036623666153647695,1.5443451613869278e-05
1793,0.00036602785224099094,1.542545346040929e-05
1794,0.00036582539341619027,1.5407508300968963e-05
1795,0.0003656161703446256,1.5389496037967813e-05
1796,0.00036540961449237747,1.5371620006062393e-05
1797,0.00036520771685415854,1.5353725966274624e-05
1798,0.00036500003103009726,1.5335770751297053e-05
1799,0.0003647950845460416,1.531789474691019e-05
1800,0.0003645913360312685,1.5299993188579885e-05
1801,0.00036438177373856193,1.5282066633664248e-05
1802,0.0003641798105993333,1.526418347188197e-05
1803,0.00036397703823340627,1.5246278464701203e-05
1804,0.0003637701748837136,1.5228415155669512e-05
1805,0.0003635687662876325,1.5210577641048943e-05
1806,0.0003633617520497176,1.5192713011876305e-05
1807,0.000363157574240696,1.5174924659839962e-05
1808,0.0003629588865022185,1.5157274189834038e-05
1809,0.0003627528281140852,1.513943770177281e-05
1810,0.00036255076211373844,1.5121561493353802e-05
1811,0.0003623494610860407,1.510377705521184e-05
1812,0.000362145387812012,1.5085999164617567e-05
1813,0.00036194554593361225,1.5068268439077917e-05
1814,0.00036174215980136373,1.5050604576712655e-05
1815,0.00036153895419546787,1.503297972678379e-05
1816,0.00036133769903734124,1.5015376366960617e-05
1817,0.0003611355520493618,1.4997783011428203e-05
1818,0.0003609358695712196,1.4980175326899258e-05
1819,0.0003607354752433669,1.4962586210052839e-05
1820,0.00036053262806943456,1.4945035666513058e-05
1821,0.0003603306008029512,1.4927382195389465e-05
1822,0.00036012926794699,1.4909724975653941e-05
1823,0.00035992493715573536,1.4892062846335782e-05
1824,0.0003597227768323028,1.4874287123043864e-05
1825,0.00035951991119133857,1.4856570314519976e-05
1826,0.0003593146122806024,1.483884411283013e-05
1827,0.0003591156532889803,1.4821134381360156e-05
1828,0.0003589132536876561,1.4803551713497159e-05
1829,0.00035871366579387926,1.4786103192750491e-05
1830,0.00035852042942161494,1.4768885430726144e-05
1831,0.0003583226569431445,1.4751748665630885e-05
1832,0.0003581246612290499,1.473444335593653e-05
1833,0.0003579197303755977,1.4717070601642762e-05
1834,0.0003577132120914171,1.4699628811891743e-05
1835,0.00035751194212163843,1.4682160217927361e-05
1836,0.0003573079742497827,1.4664765470703214e-05
1837,0.0003571087100114544,1.4647374665017343e-05
1838,0.0003569108517981455,1.4630010636971971e-05
1839,0.0003567110060219454,1.4612713342597502e-05
1840,0.00035651334303385727,1.4595437979229273e-05
1841,0.00035631597105093953,1.457819445851038e-05
1842,0.000356118820905967,1.4561045556406436e-05
1843,0.0003559235945737174,1.4543936465621363e-05
1844,0.00035572863805567907,1.4526881708950893e-05
1845,0.0003555291296690013,1.4509853994948708e-05
1846,0.0003553338674678209,1.4492786209408182e-05
1847,0.00035513842364475807,1.4475768260479091e-05
1848,0.00035494086841698886,1.4458784060852355e-05
1849,0.0003547482825076155,1.4441795630278215e-05
1850,0.00035455023813634205,1.442488082067994e-05
1851,0.0003543559077708244,1.440805975390369e-05
1852,0.0003541617065751725,1.439125659700243e-05
1853,0.0003539647224597311,1.4374448782160143e-05
1854,0.0003537731775263204,1.4357555708623835e-05
1855,0.00035357421016484625,1.4340596287650414e-05
1856,0.00035337818437360504,1.4323632220414174e-05
1857,0.00035318634719236293,1.4306625195320014e-05
1858,0.0003529884179651001,1.4289616953394771e-05
1859,0.0003527935798034054,1.4272537241756202e-05
1860,0.0003525985969128122,1.425530116577983e-05
